pixel_id,date,x_m,y_m,lon,lat,elevation_m,slope_deg,ndvi,ndbi,building_density,road_density,impervious_fraction,distance_to_water_m,distance_to_park_m,air_temperature_c,relative_humidity_pct,wind_speed_ms,shortwave_radiation_wm2,day_of_year_sin,day_of_year_cos,landsat_cloud_fraction,lst_c
P000000,2019-06-24,698036.4,3.7548e+06,-6.858671577078355,33.92161170616971,35.706284,4.784099,0.036767133,0.068802975,0.1505069,0.34485477,0.2260539,4925.941,6179.061,27.760702,59.280655,3.4438112,870.7861,0.13079268,-0.9914097,0.067421794,36.143295
P000001,2019-06-24,698298.2,3.7548e+06,-6.855835366801242,33.92161170616971,35.510487,5.0380545,0.047893062,0.004458284,0.10667988,0.37467647,0.20581257,5185.1943,5961.4844,27.760702,59.280655,3.4438112,870.7861,0.13079268,-0.9914097,0.067421794,34.352825
P000002,2019-06-24,698560.0,3.7548e+06,-6.852999156524127,33.92161170616971,37.349754,5.262001,0.027456654,0.1009896,0.17236313,0.3952671,0.25899756,5444.4478,5747.366,27.760702,59.280655,3.4438112,870.7861,0.13079268,-0.9914097,0.067421794,36.349976
P000003,2019-06-24,698821.8,3.7548e+06,-6.850162946247012,33.92161170616971,40.02206,5.4543157,0.069401674,0.093929775,0.1817684,0.4001108,0.26727656,5703.701,5537.1084,27.760702,59.280655,3.4438112,870.7861,0.13079268,-0.9914097,0.067421794,35.100235
P000004,2019-06-24,699083.6,3.7548e+06,-6.847326735969899,33.92161170616971,40.464233,5.613603,0.035549294,0.087013714,0.08300178,0.3880156,0.19390641,5962.955,5331.1675,27.760702,59.280655,3.4438112,870.7861,0.13079268,-0.9914097,0.067421794,33.921333
P000005,2019-06-24,699345.44,3.7548e+06,-6.844490525692784,33.92161170616971,39.542316,5.7387085,0.08406322,0.02089087,0.10779843,0.3635131,0.2026878,6222.2085,5130.063,27.760702,59.280655,3.4438112,870.7861,0.13079268,-0.9914097,0.067421794,34.305164
P000006,2019-06-24,699607.25,3.7548e+06,-6.841654315415671,33.92161170616971,43.23411,5.8287244,0.0012578457,0.019750942,0.1595467,0.33530623,0.22903834,6481.462,4934.3867,27.760702,59.280655,3.4438112,870.7861,0.13079268,-0.9914097,0.067421794,35.4824
P000007,2019-06-24,699869.06,3.7548e+06,-6.838818105138556,33.92161170616971,42.374752,5.882998,0.021157363,0.043838926,0.14528109,0.31329557,0.21134704,6740.7153,4744.81,27.760702,59.280655,3.4438112,870.7861,0.13079268,-0.9914097,0.067421794,36.144123
P000008,2019-06-24,700130.94,3.7548e+06,-6.835981894861443,33.92161170616971,46.598476,5.901136,0.06291897,0.08631402,0.1565934,0.3051985,0.21642861,7000.031,4562.0503,27.760702,59.280655,3.4438112,870.7861,0.13079268,-0.9914097,0.067421794,35.117424
P000009,2019-06-24,700392.75,3.7548e+06,-6.833145684584329,33.92161170616971,47.354813,5.882998,0.08675095,0.038910314,0.12769176,0.313917,0.19924352,7259.2847,4387.053,27.760702,59.280655,3.4438112,870.7861,0.13079268,-0.9914097,0.067421794,35.30575
P000010,2019-06-24,700654.56,3.7548e+06,-6.8303094743072155,33.92161170616971,47.689293,5.8287244,0.056237344,0.030231697,0.1882168,0.33653384,0.24951796,7518.538,4220.7334,27.760702,59.280655,3.4438112,870.7861,0.13079268,-0.9914097,0.067421794,33.844437
P000011,2019-06-24,700916.4,3.7548e+06,-6.8274732640301,33.92161170616971,48.73639,5.7387085,0.035123624,0.098103955,0.18406752,0.365317,0.2566736,7777.7915,4064.1572,27.760702,59.280655,3.4438112,870.7861,0.13079268,-0.9914097,0.067421794,35.21163
P000012,2019-06-24,701178.2,3.7548e+06,-6.824637053752987,33.92161170616971,49.491753,5.613603,0.050874025,0.094327316,0.15808298,0.39035222,0.24722634,8037.045,3918.492,27.760702,59.280655,3.4438112,870.7861,0.13079268,-0.9914097,0.067421794,33.092033
P000013,2019-06-24,701440.0,3.7548e+06,-6.821800843475873,33.92161170616971,51.73853,5.4543157,0.06951647,0.09121786,0.19368516,0.40292495,0.27652046,8296.299,3784.9978,27.760702,59.280655,3.4438112,870.7861,0.13079268,-0.9914097,0.067421794,34.08636
P000014,2019-06-24,701701.8,3.7548e+06,-6.818964633198758,33.92161170616971,51.646587,5.262001,0.08835254,0.07314186,0.1686111,0.3984951,0.2573827,8555.552,3665.0054,27.760702,59.280655,3.4438112,870.7861,0.13079268,-0.9914097,0.067421794,34.135433
P000015,2019-06-24,701963.6,3.7548e+06,-6.816128422921644,33.92161170616971,53.526188,5.0380545,0.05858895,0.046968136,0.1197833,0.37824985,0.21607555,8814.806,3559.88,27.760702,59.280655,3.4438112,870.7861,0.13079268,-0.9914097,0.067421794,35.7079
P000016,2019-06-24,696989.06,3.7551025e+06,-6.87001641818681,33.924347720502894,30.98292,3.6117885,0.06108191,0.039052833,0.14905404,0.3343336,0.22135442,3888.8647,6351.018,27.760702,59.280655,3.4438112,870.7861,0.13079268,-0.9914097,0.067421794,34.409042
P000017,2019-06-24,697250.94,3.7551025e+06,-6.867180207909697,33.924347720502894,30.453726,3.9795682,0.100003764,0.051840734,0.10705193,0.32182732,0.18757573,4148.18,6271.6587,27.760702,59.280655,3.4438112,870.7861,0.13079268,-0.9914097,0.067421794,32.375515
P000018,2019-06-24,697512.75,3.7551025e+06,-6.864343997632583,33.924347720502894,31.587992,4.3249254,0.041216094,0.06227542,0.17578909,0.32588857,0.23711313,4407.4336,6202.1494,27.760702,59.280655,3.4438112,870.7861,0.13079268,-0.9914097,0.067421794,35.13188
P000019,2019-06-24,697774.56,3.7551025e+06,-6.861507787355469,33.924347720502894,32.102898,4.645446,,0.055446774,0.147636,0.3458761,0.22440155,4666.6875,6142.804,27.760702,59.280655,3.4438112,870.7861,0.13079268,-0.9914097,0.067421794,33.63809
P000020,2019-06-24,698036.4,3.7551025e+06,-6.858671577078355,33.924347720502894,33.477097,4.9388046,0.0802692,0.060270425,0.14710358,0.37570548,0.23446909,4925.941,6027.802,27.760702,59.280655,3.4438112,870.7861,0.13079268,-0.9914097,0.067421794,34.316593
P000021,2019-06-24,698298.2,3.7551025e+06,-6.855835366801242,33.924347720502894,33.788425,5.202875,0.077724196,0.046007905,0.1337216,0.40590954,0.23567308,5185.1943,5804.558,27.760702,59.280655,3.4438112,870.7861,0.13079268,-0.9914097,0.067421794,34.715145
P000022,2019-06-24,698560.0,3.7551025e+06,-6.852999156524127,33.924347720502894,38.095734,5.435742,-0.016092328,0.067825764,0.2040536,0.4268566,0.29223692,5444.4478,5584.427,27.760702,59.280655,3.4438112,870.7861,0.13079268,-0.9914097,0.067421794,35.672672
P000024,2019-06-24,699083.6,3.7551025e+06,-6.847326735969899,33.924347720502894,41.429768,5.801348,0.124509156,0.07630023,0.1526542,0.42021793,0.2539334,5962.955,5155.0894,27.760702,59.280655,3.4438112,870.7861,0.13079268,-0.9914097,0.067421794,34.301514
P000027,2019-06-24,699869.06,3.7551025e+06,-6.838818105138556,33.924347720502894,45.209023,6.081473,0.053264573,0.07044824,0.18663973,0.34608823,0.25177005,6740.7153,4546.0776,27.760702,59.280655,3.4438112,870.7861,0.13079268,-0.9914097,0.067421794,35.294285
P000028,2019-06-24,700130.94,3.7551025e+06,-6.835981894861443,33.924347720502894,44.21403,6.100333,0.022303835,0.059873506,0.18929653,0.33808136,0.25081906,7000.031,4354.9863,27.760702,59.280655,3.4438112,870.7861,0.13079268,-0.9914097,0.067421794,34.21407
P000029,2019-06-24,700392.75,3.7551025e+06,-6.833145684584329,33.924347720502894,46.137066,6.081473,0.07597482,0.08903118,0.19034362,0.34682903,0.25459895,7259.2847,4171.311,27.760702,59.280655,3.4438112,870.7861,0.13079268,-0.9914097,0.067421794,35.095497
P000030,2019-06-24,700654.56,3.7551025e+06,-6.8303094743072155,33.924347720502894,44.84924,6.025038,0.012776714,0.12163917,0.2500254,0.36940932,0.30425486,7518.538,3996.0222,27.760702,59.280655,3.4438112,870.7861,0.13079268,-0.9914097,0.067421794,36.751816
P000031,2019-06-24,700916.4,3.7551025e+06,-6.8274732640301,33.924347720502894,48.80909,5.9314365,0.03392384,0.08036853,0.16001841,0.39808586,0.25124872,7777.7915,3830.2708,27.760702,59.280655,3.4438112,870.7861,0.13079268,-0.9914097,0.067421794,34.95789
P000032,2019-06-24,701178.2,3.7551025e+06,-6.824637053752987,33.924347720502894,48.42693,5.801348,-0.006332741,0.111482374,0.1548557,0.42294097,0.25627854,8037.045,3675.3477,27.760702,59.280655,3.4438112,870.7861,0.13079268,-0.9914097,0.067421794,34.38734
P000033,2019-06-24,701440.0,3.7551025e+06,-6.821800843475873,33.924347720502894,51.13834,5.635716,-0.019678352,,0.14221776,0.43525884,0.25166735,8296.299,3532.6775,27.760702,59.280655,3.4438112,870.7861,0.13079268,-0.9914097,0.067421794,35.01055
P000034,2019-06-24,701701.8,3.7551025e+06,-6.818964633198758,33.924347720502894,50.20045,5.435742,-0.032902982,,0.18957764,0.43050182,0.2830577,8555.552,3403.8015,27.760702,59.280655,3.4438112,870.7861,0.13079268,-0.9914097,0.067421794,36.487156
P000035,2019-06-24,701963.6,3.7551025e+06,-6.816128422921644,33.924347720502894,53.8789,5.202875,0.052796464,0.09577775,0.20430784,0.40986475,0.28603193,8814.806,3290.341,27.760702,59.280655,3.4438112,870.7861,0.13079268,-0.9914097,0.067421794,35.688564
P000036,2019-06-24,702225.44,3.7551025e+06,-6.81329221264453,33.924347720502894,55.588703,4.9388046,0.11331782,0.08354561,0.15711963,0.37987706,0.24238104,9021.648,3193.9395,27.760702,59.280655,3.4438112,870.7861,0.13079268,-0.9914097,0.067421794,33.153664
P000037,2019-06-24,702487.25,3.7551025e+06,-6.810456002367417,33.924347720502894,54.53019,4.645446,0.018058378,0.011243236,0.12766129,0.35018808,0.21124816,8961.565,3116.1802,27.760702,59.280655,3.4438112,870.7861,0.13079268,-0.9914097,0.067421794,31.875557
P000038,2019-06-24,702749.06,3.7551025e+06,-6.8076197920903025,33.924347720502894,55.19678,4.3249254,0.00019436082,0.076757245,0.12393627,0.3302893,0.20157225,8906.623,3058.4856,27.760702,59.280655,3.4438112,870.7861,0.13079268,-0.9914097,0.067421794,34.280495
P000039,2019-06-24,703010.94,3.7551025e+06,-6.804783581813189,33.924347720502894,55.047768,3.9794831,0.04483694,0.09874224,0.17118067,0.3262922,0.2331718,8856.906,3021.9985,27.760702,59.280655,3.4438112,870.7861,0.13079268,-0.9914097,0.067421794,33.158596
P000040,2019-06-24,696465.44,3.755405e+06,-6.875688838741039,33.92708373483608,26.782742,2.8754957,0.030272542,0.08566322,0.16360533,0.40095463,0.2548576,3370.3577,6269.7886,27.760702,59.280655,3.4438112,870.7861,0.13079268,-0.9914097,0.067421794,36.14552
P000042,2019-06-24,696989.06,3.755405e+06,-6.87001641818681,33.92708373483608,27.625301,3.6898618,0.074836865,0.058531377,0.12502916,0.35125667,0.21045977,3888.8647,6074.8643,27.760702,59.280655,3.4438112,870.7861,0.13079268,-0.9914097,0.067421794,35.120728
P000043,2019-06-24,697250.94,3.755405e+06,-6.867180207909697,33.92708373483608,31.237768,4.06823,0.027979024,0.031665776,0.16188055,0.33924863,0.23205279,4148.18,5991.8486,27.760702,59.280655,3.4438112,870.7861,0.13079268,-0.9914097,0.067421794,35.49409
P000044,2019-06-24,697512.75,3.755405e+06,-6.864343997632583,33.92708373483608,31.373272,4.42353,0.043293796,0.097061716,0.16322973,0.3438042,0.23459151,4407.4336,5919.054,27.760702,59.280655,3.4438112,870.7861,0.13079268,-0.9914097,0.067421794,34.503242
P000046,2019-06-24,698036.4,3.755405e+06,-6.858671577078355,33.92708373483608,33.724567,5.0550833,0.0581398,0.08030296,0.20002508,0.39457288,0.27811697,4925.941,5805.5483,27.760702,59.280655,3.4438112,870.7861,0.13079268,-0.9914097,0.067421794,35.296024
P000047,2019-06-24,698298.2,3.755405e+06,-6.855835366801242,33.92708373483608,36.934067,5.3267565,0.0010604943,0.10992416,0.18219405,0.42522103,0.27636197,5185.1943,5658.4355,27.760702,59.280655,3.4438112,870.7861,0.13079268,-0.9914097,0.067421794,35.24919
P000048,2019-06-24,698560.0,3.755405e+06,-6.852999156524127,33.92708373483608,37.64345,5.566327,0.021821098,0.1348878,0.202645,0.44658214,0.2981539,5444.4478,5432.386,27.760702,59.280655,3.4438112,870.7861,0.13079268,-0.9914097,0.067421794,37.498356
P000050,2019-06-24,699083.6,3.755405e+06,-6.847326735969899,33.92708373483608,40.239613,5.9424596,0.005034729,0.1023662,0.19676608,0.44065535,0.2919636,5962.955,4989.9844,27.760702,59.280655,3.4438112,870.7861,0.13079268,-0.9914097,0.067421794,35.82279
P000051,2019-06-24,699345.44,3.755405e+06,-6.844490525692784,33.92708373483608,39.404587,6.076293,-0.017643422,0.11907729,0.2118544,0.416682,0.29413208,6222.2085,4774.531,27.760702,59.280655,3.4438112,870.7861,0.13079268,-0.9914097,0.067421794,37.219517
P000052,2019-06-24,699607.25,3.755405e+06,-6.841654315415671,33.92708373483608,42.14183,6.1725893,0.02461956,0.049092203,0.14127861,0.3889008,0.23499998,6481.462,4563.6353,27.760702,59.280655,3.4438112,870.7861,0.13079268,-0.9914097,0.067421794,33.166553
P000053,2019-06-24,699869.06,3.755405e+06,-6.838818105138556,33.92708373483608,43.585503,6.2306495,0.10810265,0.065058365,0.18296191,0.36720085,0.25657222,6740.7153,4357.9604,27.760702,59.280655,3.4438112,870.7861,0.13079268,-0.9914097,0.067421794,33.18324
P000054,2019-06-24,700130.94,3.755405e+06,-6.835981894861443,33.92708373483608,44.14698,6.250053,0.055282872,0.09443394,0.17885777,0.35928732,0.2509088,7000.031,4158.233,27.760702,59.280655,3.4438112,870.7861,0.13079268,-0.9914097,0.067421794,34.37683
P000055,2019-06-24,700392.75,3.755405e+06,-6.833145684584329,33.92708373483608,46.52642,6.2306495,0.072331145,0.08484455,0.17337847,0.3680487,0.25010318,7259.2847,3965.455,27.760702,59.280655,3.4438112,870.7861,0.13079268,-0.9914097,0.067421794,32.497677
P000056,2019-06-24,700654.56,3.755405e+06,-6.8303094743072155,33.92708373483608,46.34698,6.1725893,0.04565191,0.10261627,0.18572776,0.39055315,0.26656362,7518.538,3780.6335,27.760702,59.280655,3.4438112,870.7861,0.13079268,-0.9914097,0.067421794,35.917168
P000057,2019-06-24,700916.4,3.755405e+06,-6.8274732640301,33.92708373483608,49.156853,6.076293,0.049812637,0.15426712,0.24645665,0.41905376,0.31895468,7777.7915,3604.9924,27.760702,59.280655,3.4438112,870.7861,0.13079268,-0.9914097,0.067421794,36.695408
P000058,2019-06-24,701178.2,3.755405e+06,-6.824637053752987,33.92708373483608,50.446636,5.9424596,0.05395935,0.13480072,0.16173266,0.44362357,0.26810947,8037.045,3439.9385,27.760702,59.280655,3.4438112,870.7861,0.13079268,-0.9914097,0.067421794,35.989708
P000059,2019-06-24,701440.0,3.755405e+06,-6.821800843475873,33.92708373483608,47.49745,5.772059,0.03213256,0.12033843,0.22295041,0.45554152,0.31494486,8296.299,3287.0667,27.760702,59.280655,3.4438112,870.7861,0.13079268,-0.9914097,0.067421794,34.679665
P000060,2019-06-24,701701.8,3.755405e+06,-6.818964633198758,33.92708373483608,53.611797,5.566327,0.09411606,0.09727931,0.12633759,0.45027232,0.24523196,8555.552,3148.152,27.760702,59.280655,3.4438112,870.7861,0.13079268,-0.9914097,0.067421794,33.114964
P000061,2019-06-24,701963.6,3.755405e+06,-6.816128422921644,33.92708373483608,49.68192,5.3267565,0.085344434,0.024054611,0.16893306,0.42902416,0.26732922,8814.806,3025.1184,27.760702,59.280655,3.4438112,870.7861,0.13079268,-0.9914097,0.067421794,34.15583
P000062,2019-06-24,702225.44,3.755405e+06,-6.81329221264453,33.92708373483608,53.725437,5.0550833,0.05166481,0.07005483,0.1811499,0.398353,0.26483983,8787.852,2919.9736,27.760702,59.280655,3.4438112,870.7861,0.13079268,-0.9914097,0.067421794,35.645947
P000063,2019-06-24,702487.25,3.755405e+06,-6.810456002367417,33.92708373483608,56.791595,4.7532783,0.012509254,0.08409077,0.19035356,0.36794654,0.26034015,8726.159,2834.7092,27.760702,59.280655,3.4438112,870.7861,0.13079268,-0.9914097,0.067421794,34.408363
P000064,2019-06-24,702749.06,3.755405e+06,-6.8076197920903025,33.92708373483608,56.24981,4.42353,0.056147598,0.06610235,0.18892674,0.3473419,0.25187212,8669.726,2771.1604,27.760702,59.280655,3.4438112,870.7861,0.13079268,-0.9914097,0.067421794,35.481583
P000065,2019-06-24,703010.94,3.755405e+06,-6.804783581813189,33.92708373483608,55.91669,4.0681424,0.06490814,-0.024877163,0.18604712,0.34269568,0.24805026,8618.642,2730.8374,27.760702,59.280655,3.4438112,870.7861,0.13079268,-0.9914097,0.067421794,37.12009
P000066,2019-06-24,703272.75,3.755405e+06,-6.801947371536074,33.92708373483608,57.388718,3.6898618,0.08664595,0.061217602,0.14056782,0.35470363,0.22034219,8573.028,2714.7944,27.760702,59.280655,3.4438112,870.7861,0.13079268,-0.9914097,0.067421794,33.357834
P000067,2019-06-24,703534.56,3.755405e+06,-6.799111161258961,33.92708373483608,60.94278,3.2913496,0.058222607,0.09582999,0.13145661,0.378374,0.22228988,8532.96,2723.448,27.760702,59.280655,3.4438112,870.7861,0.13079268,-0.9914097,0.067421794,34.811455
P000068,2019-06-24,695941.8,3.7557072e+06,-6.881361259295266,33.92981974916926,21.959219,2.0243073,0.019154884,0.039937887,0.16710979,0.42197052,0.26466614,2851.8506,6244.7407,27.760702,59.280655,3.4438112,870.7861,0.13079268,-0.9914097,0.067421794,34.63916
P000073,2019-06-24,697250.94,3.7557072e+06,-6.867180207909697,33.92981974916926,29.058563,4.1267123,-0.0061906977,0.0135940965,0.18620808,0.339759,0.24925937,4148.18,5713.564,27.760702,59.280655,3.4438112,870.7861,0.13079268,-0.9914097,0.067421794,35.353973
P000074,2019-06-24,697512.75,3.7557072e+06,-6.864343997632583,33.92981974916926,32.562527,4.4885707,0.016149787,0.08552311,0.18028244,0.34488052,0.2469035,4407.4336,5637.1772,27.760702,59.280655,3.4438112,870.7861,0.13079268,-0.9914097,0.067421794,35.950584
P000076,2019-06-24,698036.4,3.7557072e+06,-6.858671577078355,33.92981974916926,31.99981,5.1317816,0.1308933,0.08304954,0.17283939,0.39673883,0.25984278,4925.941,5517.876,27.760702,59.280655,3.4438112,870.7861,0.13079268,-0.9914097,0.067421794,35.03996
P000077,2019-06-24,698298.2,3.7557072e+06,-6.855835366801242,33.92981974916926,34.87539,5.4084697,0.0022640936,0.11264788,0.19917284,0.42789546,0.2891806,5185.1943,5475.6904,27.760702,59.280655,3.4438112,870.7861,0.13079268,-0.9914097,0.067421794,36.379364
P000078,2019-06-24,698560.0,3.7557072e+06,-6.852999156524127,33.92981974916926,35.638275,5.652463,0.021381652,0.13026552,0.22095528,0.44973066,0.31207028,5444.4478,5292.2944,27.760702,59.280655,3.4438112,870.7861,0.13079268,-0.9914097,0.067421794,35.796482
P000079,2019-06-24,698821.8,3.7557072e+06,-6.850162946247012,33.92981974916926,39.556755,5.861992,0.02017461,0.06194747,0.1931882,0.4557091,0.29472557,5703.701,5063.1743,27.760702,59.280655,3.4438112,870.7861,0.13079268,-0.9914097,0.067421794,36.19802
P000080,2019-06-24,699083.6,3.7557072e+06,-6.847326735969899,33.92981974916926,37.728497,6.035538,0.07358157,0.14377882,0.22439753,0.44462052,0.31269085,5962.955,4837.097,27.760702,59.280655,3.4438112,870.7861,0.13079268,-0.9914097,0.067421794,34.929325
P000082,2019-06-24,699607.25,3.7557072e+06,-6.841654315415671,33.92981974916926,42.02302,6.2699156,-0.0061290404,,0.20244557,0.39344263,0.27939352,6481.462,4395.9453,27.760702,59.280655,3.4438112,870.7861,0.13079268,-0.9914097,0.067421794,36.037735
P000083,2019-06-24,699869.06,3.7557072e+06,-6.838818105138556,33.92981974916926,42.02931,6.3290477,0.07763504,0.041153904,0.20399131,0.37191904,0.27291718,6740.7153,4182.031,27.760702,59.280655,3.4438112,870.7861,0.13079268,-0.9914097,0.067421794,34.453827
P000084,2019-06-24,700130.94,3.7557072e+06,-6.835981894861443,33.92981974916926,43.966522,6.3488092,0.03707261,0.066995785,0.17680669,0.36409053,0.25110102,7000.031,3973.4705,27.760702,59.280655,3.4438112,870.7861,0.13079268,-0.9914097,0.067421794,33.689568
P000085,2019-06-24,700392.75,3.7557072e+06,-6.833145684584329,33.92981974916926,45.160915,6.3290477,0.062271263,0.08390628,0.23603205,0.37282902,0.29553458,7259.2847,3771.2595,27.760702,59.280655,3.4438112,870.7861,0.13079268,-0.9914097,0.067421794,36.1163
P000086,2019-06-24,700654.56,3.7557072e+06,-6.8303094743072155,33.92981974916926,45.918777,6.2699156,-0.01501997,0.03969051,0.20180653,0.39518258,0.2792635,7518.538,3576.4165,27.760702,59.280655,3.4438112,870.7861,0.13079268,-0.9914097,0.067421794,36.621887
P000088,2019-06-24,701178.2,3.7557072e+06,-6.824637053752987,33.92981974916926,48.54705,6.035538,-0.009376121,,0.22993979,0.44747964,0.31673598,8037.045,3214.147,27.760702,59.280655,3.4438112,870.7861,0.13079268,-0.9914097,0.067421794,36.03579
P000089,2019-06-24,701440.0,3.7557072e+06,-6.821800843475873,33.92981974916926,48.640583,5.861992,-0.016496269,0.08160741,0.224248,0.4587407,0.31626764,8296.299,3049.9788,27.760702,59.280655,3.4438112,870.7861,0.13079268,-0.9914097,0.067421794,33.842472
P000090,2019-06-24,701701.8,3.7557072e+06,-6.818964633198758,33.92981974916926,51.99978,5.652463,0.072356656,0.1360356,0.22614573,0.45263174,0.31491634,8555.552,2899.7288,27.760702,59.280655,3.4438112,870.7861,0.13079268,-0.9914097,0.067421794,35.95866
P000091,2019-06-24,701963.6,3.7557072e+06,-6.816128422921644,33.92981974916926,51.450237,5.4084697,0.06827771,0.073595814,0.19252321,0.43038523,0.28295547,8623.461,2765.6655,27.760702,59.280655,3.4438112,870.7861,0.13079268,-0.9914097,0.067421794,33.44461
P000092,2019-06-24,702225.44,3.7557072e+06,-6.81329221264453,33.92981974916926,53.828846,5.1317816,0.037906896,0.06607756,0.17341156,0.3986079,0.25776327,8554.814,2650.2473,27.760702,59.280655,3.4438112,870.7861,0.13079268,-0.9914097,0.067421794,35.269768
P000093,2019-06-24,702487.25,3.7557072e+06,-6.810456002367417,33.92981974916926,54.718998,4.8244057,0.037499744,0.06006202,0.17722166,0.3670629,0.2487118,8491.43,2556.0007,27.760702,59.280655,3.4438112,870.7861,0.13079268,-0.9914097,0.067421794,35.05186
P000094,2019-06-24,702749.06,3.7557072e+06,-6.8076197920903025,33.92981974916926,55.806396,4.4885707,0.081904724,0.0011549798,0.112722814,0.34537774,0.19539067,8433.425,2485.336,27.760702,59.280655,3.4438112,870.7861,0.13079268,-0.9914097,0.067421794,33.147655
P000095,2019-06-24,703010.94,3.7557072e+06,-6.804783581813189,33.92981974916926,60.26273,4.126623,0.06755143,0.0033802427,0.11333202,0.33979803,0.19345762,8380.901,2440.2944,27.760702,59.280655,3.4438112,870.7861,0.13079268,-0.9914097,0.067421794,34.1293
P000096,2019-06-24,703272.75,3.7557072e+06,-6.801947371536074,33.92981974916926,58.91148,3.7413597,0.091383964,0.016727427,0.110691324,0.3510896,0.19539094,8333.986,2422.328,27.760702,59.280655,3.4438112,870.7861,0.13079268,-0.9914097,0.067421794,35.554634
P000097,2019-06-24,703534.56,3.7557072e+06,-6.799111161258961,33.92981974916926,60.09914,3.3354914,0.014991456,0.025315866,0.11609782,0.3742952,0.20738989,8292.764,2432.0225,27.760702,59.280655,3.4438112,870.7861,0.13079268,-0.9914097,0.067421794,35.255623
P000098,2019-06-24,703796.4,3.7557072e+06,-6.7962749509818465,33.92981974916926,58.619,2.9119613,0.051928695,0.062484384,0.16003983,0.40045267,0.24764511,8257.316,2469.0522,27.760702,59.280655,3.4438112,870.7861,0.13079268,-0.9914097,0.067421794,34.21225
P000099,2019-06-24,704058.2,3.7557072e+06,-6.793438740704733,33.92981974916926,60.90342,2.473841,0.062224876,0.06342477,0.110278316,0.41965953,0.22007173,8227.721,2532.2183,27.760702,59.280655,3.4438112,870.7861,0.13079268,-0.9914097,0.067421794,35.18945
P000101,2019-06-24,695680.0,3.7560098e+06,-6.884197469572381,33.93255576350245,21.387049,1.5723727,0.026838798,0.08461177,0.18665047,0.39208913,0.2678858,2592.5972,6130.384,27.760702,59.280655,3.4438112,870.7861,0.13079268,-0.9914097,0.067421794,36.3029
P000103,2019-06-24,696203.6,3.7560098e+06,-6.878525049018153,33.93255576350245,23.546335,2.4874213,0.033839367,0.082867384,0.18102597,0.4024791,0.2675842,3111.1042,5862.4893,27.760702,59.280655,3.4438112,870.7861,0.13079268,-0.9914097,0.067421794,35.112003
P000104,2019-06-24,696465.44,3.7560098e+06,-6.875688838741039,33.93255576350245,25.849503,2.9293222,0.047541708,0.07421616,0.12997691,0.38472098,0.22563381,3370.3577,5741.429,27.760702,59.280655,3.4438112,870.7861,0.13079268,-0.9914097,0.067421794,34.43764
P000105,2019-06-24,696727.25,3.7560098e+06,-6.872852628463925,33.93255576350245,26.70775,3.3565068,0.052809387,0.0725544,0.16310036,0.35976583,0.24008502,3629.6113,5629.712,27.760702,59.280655,3.4438112,870.7861,0.13079268,-0.9914097,0.067421794,35.48548
P000108,2019-06-24,697512.75,3.7560098e+06,-6.864343997632583,33.93255576350245,30.848309,4.519536,0.033032402,0.061380643,0.22298378,0.33239305,0.27241915,4407.4336,5356.208,27.760702,59.280655,3.4438112,870.7861,0.13079268,-0.9914097,0.067421794,35.375973
P000109,2019-06-24,697774.56,3.7560098e+06,-6.861507787355469,33.93255576350245,32.186806,4.8582687,0.04059272,0.06375125,0.1406908,0.35404584,0.22239111,4666.6875,5287.376,27.760702,59.280655,3.4438112,870.7861,0.13079268,-0.9914097,0.067421794,35.798214
P000110,2019-06-24,698036.4,3.7560098e+06,-6.858671577078355,33.93255576350245,32.90926,5.168297,0.07417144,0.11632851,0.22366461,0.38548306,0.2914744,4925.941,5230.502,27.760702,59.280655,3.4438112,870.7861,0.13079268,-0.9914097,0.067421794,36.9048
P000111,2019-06-24,698298.2,3.7560098e+06,-6.855835366801242,33.93255576350245,35.71682,5.4473724,0.062387273,0.10487883,0.22372723,0.4172145,0.302623,5185.1943,5185.9795,27.760702,59.280655,3.4438112,870.7861,0.13079268,-0.9914097,0.067421794,36.36011
P000112,2019-06-24,698560.0,3.7560098e+06,-6.852999156524127,33.93255576350245,36.788025,5.693471,0.050051596,0.06996222,0.20108776,0.43958575,0.29460433,5444.4478,5154.128,27.760702,59.280655,3.4438112,870.7861,0.13079268,-0.9914097,0.067421794,35.939774
P000115,2019-06-24,699345.44,3.7560098e+06,-6.844490525692784,33.93255576350245,41.672363,6.217332,0.054580193,0.08911044,0.21893932,0.41211432,0.29747564,6222.2085,4467.813,27.760702,59.280655,3.4438112,870.7861,0.13079268,-0.9914097,0.067421794,36.37301
P000116,2019-06-24,699607.25,3.7560098e+06,-6.841654315415671,33.93255576350245,41.86097,6.3162518,0.015913015,0.1126683,0.2491493,0.38486588,0.30905956,6481.462,4241.6953,27.760702,59.280655,3.4438112,870.7861,0.13079268,-0.9914097,0.067421794,36.565235
P000117,2019-06-24,699869.06,3.7560098e+06,-6.838818105138556,33.93255576350245,43.204144,6.375894,0.05456813,0.13314396,0.2442926,0.36352217,0.29813784,6740.7153,4019.5808,27.760702,59.280655,3.4438112,870.7861,0.13079268,-0.9914097,0.067421794,36.690403
P000118,2019-06-24,700130.94,3.7560098e+06,-6.835981894861443,33.93255576350245,45.1193,6.395826,0.04636015,0.108752534,0.30096358,0.35575297,0.33499157,7000.031,3802.1196,27.760702,59.280655,3.4438112,870.7861,0.13079268,-0.9914097,0.067421794,35.501804
P000119,2019-06-24,700392.75,3.7560098e+06,-6.833145684584329,33.93255576350245,48.435318,6.375894,0.033673152,0.13101895,0.23658483,0.3644005,0.29278278,7259.2847,3590.2708,27.760702,59.280655,3.4438112,870.7861,0.13079268,-0.9914097,0.067421794,37.025597
P000120,2019-06-24,700654.56,3.7560098e+06,-6.8303094743072155,33.93255576350245,46.172813,6.3162518,0.02037321,0.073855326,0.20769823,0.38647547,0.2800062,7518.538,3385.026,27.760702,59.280655,3.4438112,870.7861,0.13079268,-0.9914097,0.067421794,35.62195
P000121,2019-06-24,700916.4,3.7560098e+06,-6.8274732640301,33.93255576350245,50.0548,6.217332,0.0073923063,0.08148431,0.24664597,0.4141662,0.31652197,7777.7915,3187.661,27.760702,59.280655,3.4438112,870.7861,0.13079268,-0.9914097,0.067421794,35.19464
P000122,2019-06-24,701178.2,3.7560098e+06,-6.824637053752987,33.93255576350245,48.169388,6.0798516,0.016636852,0.09003756,0.2430278,0.43748397,0.32150877,8037.045,2999.7312,27.760702,59.280655,3.4438112,870.7861,0.13079268,-0.9914097,0.067421794,34.849377
P000123,2019-06-24,701440.0,3.7560098e+06,-6.821800843475873,33.93255576350245,51.966476,5.9048085,0.1100274,0.09035478,0.2758498,0.44766656,0.34717146,8296.299,2823.1218,27.760702,59.280655,3.4438112,870.7861,0.13079268,-0.9914097,0.067421794,36.312466
P000124,2019-06-24,701701.8,3.7560098e+06,-6.818964633198758,33.93255576350245,54.81019,5.693471,0.050338972,0.17162411,0.24848405,0.44018066,0.32427952,8468.544,2660.0889,27.760702,59.280655,3.4438112,870.7861,0.13079268,-0.9914097,0.067421794,36.72194
P000125,2019-06-24,701963.6,3.7560098e+06,-6.816128422921644,33.93255576350245,54.66799,5.4473724,0.06468216,0.14984949,0.22099487,0.4163011,0.2953631,8392.749,2513.2751,27.760702,59.280655,3.4438112,870.7861,0.13079268,-0.9914097,0.067421794,34.64511
P000126,2019-06-24,702225.44,3.7560098e+06,-6.81329221264453,33.93255576350245,55.39447,5.168297,0.09259296,0.08761385,0.24773723,0.38272688,0.3009061,8322.199,2385.6775,27.760702,59.280655,3.4438112,870.7861,0.13079268,-0.9914097,0.067421794,34.819588
P000127,2019-06-24,702487.25,3.7560098e+06,-6.810456002367417,33.93255576350245,55.57353,4.8582687,0.10768856,-0.01701885,0.14242613,0.34935948,0.21411332,8257.028,2280.5234,27.760702,59.280655,3.4438112,870.7861,0.13079268,-0.9914097,0.067421794,33.69604
P000128,2019-06-24,702749.06,3.7560098e+06,-6.8076197920903025,33.93255576350245,57.291504,4.519536,0.1309012,0.08851576,0.14951305,0.32599288,0.20969649,8197.366,2201.0317,27.760702,59.280655,3.4438112,870.7861,0.13079268,-0.9914097,0.067421794,36.321396
P000129,2019-06-24,703010.94,3.7560098e+06,-6.804783581813189,33.93255576350245,57.91741,4.154465,0.098723784,-0.013699627,0.12856126,0.3190363,0.19175772,8143.3193,2150.0425,27.760702,59.280655,3.4438112,870.7861,0.13079268,-0.9914097,0.067421794,35.149406
P000130,2019-06-24,703272.75,3.7560098e+06,-6.801947371536074,33.93255576350245,58.206192,3.7658772,0.086614825,0.0015275241,0.13833334,0.32938278,0.20186871,8095.0283,2129.629,27.760702,59.280655,3.4438112,870.7861,0.13079268,-0.9914097,0.067421794,32.994015
P000131,2019-06-24,703534.56,3.7560098e+06,-6.799111161258961,33.93255576350245,59.702915,3.3565068,0.1200271,0.023110468,0.09702803,0.35213485,0.18110868,8052.5815,2140.6494,27.760702,59.280655,3.4438112,870.7861,0.13079268,-0.9914097,0.067421794,34.732315
P000132,2019-06-24,703796.4,3.7560098e+06,-6.7962749509818465,33.93255576350245,61.170555,2.9293222,0.058568828,0.06607246,0.16289395,0.3783108,0.23707831,8016.0728,2182.6282,27.760702,59.280655,3.4438112,870.7861,0.13079268,-0.9914097,0.067421794,36.169838
P000133,2019-06-24,704058.2,3.7560098e+06,-6.793438740704733,33.93255576350245,60.88238,2.4874213,0.11178401,0.096750185,0.13016403,0.3979158,0.22213611,7985.583,2253.8357,27.760702,59.280655,3.4438112,870.7861,0.13079268,-0.9914097,0.067421794,33.791477
P000134,2019-06-24,704320.0,3.7560098e+06,-6.790602530427618,33.93255576350245,61.702988,2.0340087,0.1155627,0.03845115,0.08494179,0.40334836,0.19373739,7961.1816,2351.6187,27.760702,59.280655,3.4438112,870.7861,0.13079268,-0.9914097,0.067421794,33.12928
P000135,2019-06-24,704581.8,3.7560098e+06,-6.787766320150504,33.93255576350245,61.910053,1.5723727,0.13584247,0.019521434,0.099853985,0.3919758,0.20162883,7942.9243,2472.8264,27.760702,59.280655,3.4438112,870.7861,0.13079268,-0.9914097,0.067421794,34.378605
P000138,2019-06-24,695680.0,3.7563122e+06,-6.884197469572381,33.93529177783564,22.45151,1.5717275,0.058211695,0.103294194,0.22205268,0.3710151,0.28529015,2592.5972,5887.631,27.760702,59.280655,3.4438112,870.7861,0.13079268,-0.9914097,0.067421794,37.363136
P000139,2019-06-24,695941.8,3.7563122e+06,-6.881361259295266,33.93529177783564,24.522907,2.0329208,0.08251402,0.123604454,0.26224008,0.38527235,0.3184103,2851.8506,5743.742,27.760702,59.280655,3.4438112,870.7861,0.13079268,-0.9914097,0.067421794,35.911247
P000141,2019-06-24,696465.44,3.7563122e+06,-6.875688838741039,33.93529177783564,26.25863,2.9273753,0.028388225,0.07015383,0.1428572,0.365629,0.22796366,3370.3577,5481.4775,27.760702,59.280655,3.4438112,870.7861,0.13079268,-0.9914097,0.067421794,35.280853
P000142,2019-06-24,696727.25,3.7563122e+06,-6.872852628463925,33.93529177783564,27.390749,3.35415,0.0660061,0.015354275,0.11187256,0.3413778,0.19778399,3629.6113,5364.3496,27.760702,59.280655,3.4438112,870.7861,0.13079268,-0.9914097,0.067421794,35.133324
P000143,2019-06-24,696989.06,3.7563122e+06,-6.87001641818681,33.93529177783564,28.175611,3.7631278,0.06782309,0.056871533,0.20500724,0.31975076,0.25540578,3888.8647,5257.4062,27.760702,59.280655,3.4438112,870.7861,0.13079268,-0.9914097,0.067421794,34.396
P000144,2019-06-24,697250.94,3.7563122e+06,-6.867180207909697,33.93529177783564,28.932383,4.1514325,0.015373654,0.054068536,0.17636889,0.30967546,0.23182906,4148.18,5161.2593,27.760702,59.280655,3.4438112,870.7861,0.13079268,-0.9914097,0.067421794,37.024082
P000145,2019-06-24,697512.75,3.7563122e+06,-6.864343997632583,33.93529177783564,33.536865,4.516063,0.038187485,0.08224314,0.19939609,0.31614816,0.25020972,4407.4336,5076.5693,27.760702,59.280655,3.4438112,870.7861,0.13079268,-0.9914097,0.067421794,37.24472
P000146,2019-06-24,697774.56,3.7563122e+06,-6.861507787355469,33.93529177783564,31.677073,4.854471,0.06508668,0.09496684,0.20143501,0.33849752,0.25945523,4666.6875,5003.892,27.760702,59.280655,3.4438112,870.7861,0.13079268,-0.9914097,0.067421794,35.994904
P000147,2019-06-24,698036.4,3.7563122e+06,-6.858671577078355,33.93529177783564,32.790257,5.1642017,-0.016581224,0.07526582,0.22654764,0.3706073,0.28826863,4925.941,4943.758,27.760702,59.280655,3.4438112,870.7861,0.13079268,-0.9914097,0.067421794,35.659027
P000148,2019-06-24,698298.2,3.7563122e+06,-6.855835366801242,33.93529177783564,35.510685,5.4430094,-0.01218886,0.1420895,0.27697086,0.40297785,0.33489117,5185.1943,4896.6284,27.760702,59.280655,3.4438112,870.7861,0.13079268,-0.9914097,0.067421794,35.563736
P000149,2019-06-24,698560.0,3.7563122e+06,-6.852999156524127,33.93529177783564,36.722366,5.688872,0.026736997,0.052552257,0.25279173,0.4259455,0.32600176,5444.4478,4862.883,27.760702,59.280655,3.4438112,870.7861,0.13079268,-0.9914097,0.067421794,34.68493
P000151,2019-06-24,699083.6,3.7563122e+06,-6.847326735969899,33.93529177783564,40.705463,6.074882,0.037352953,0.14517933,0.22418897,0.42278743,0.30487224,5962.955,4572.111,27.760702,59.280655,3.4438112,870.7861,0.13079268,-0.9914097,0.067421794,34.64905
P000152,2019-06-24,699345.44,3.7563122e+06,-6.844490525692784,33.93529177783564,40.74314,6.21223,0.015294274,0.07340369,0.20708899,0.39992392,0.28489456,6222.2085,4335.9424,27.760702,59.280655,3.4438112,870.7861,0.13079268,-0.9914097,0.067421794,36.753796
P000154,2019-06-24,699869.06,3.7563122e+06,-6.838818105138556,33.93529177783564,45.29926,6.3706403,-0.009018906,0.1060494,0.27071673,0.35179976,0.3124444,6740.7153,3872.476,27.760702,59.280655,3.4438112,870.7861,0.13079268,-0.9914097,0.067421794,35.871372
P000155,2019-06-24,700130.94,3.7563122e+06,-6.835981894861443,33.93529177783564,46.123554,6.390553,0.0948092,0.13070086,0.33578816,0.34404302,0.35509792,7000.031,3646.2522,27.760702,59.280655,3.4438112,870.7861,0.13079268,-0.9914097,0.067421794,37.134575
P000156,2019-06-24,700392.75,3.7563122e+06,-6.833145684584329,33.93529177783564,45.33512,6.3706403,0.016573997,0.13624422,0.27799815,0.35249442,0.3172832,7259.2847,3424.7754,27.760702,59.280655,3.4438112,870.7861,0.13079268,-0.9914097,0.067421794,36.360634
P000157,2019-06-24,700654.56,3.7563122e+06,-6.8303094743072155,33.93529177783564,50.434227,6.311055,-0.00803723,0.10450136,0.3052321,0.37410173,0.34337974,7518.538,3208.963,27.760702,59.280655,3.4438112,870.7861,0.13079268,-0.9914097,0.067421794,36.31627
P000158,2019-06-24,700916.4,3.7563122e+06,-6.8274732640301,33.93529177783564,50.499866,6.21223,0.06687436,0.08976182,0.2482415,0.4009806,0.31206897,7777.7915,3000.0374,27.760702,59.280655,3.4438112,870.7861,0.13079268,-0.9914097,0.067421794,33.694283
P000159,2019-06-24,701178.2,3.7563122e+06,-6.824637053752987,33.93529177783564,51.053917,6.074882,0.14270443,0.11617217,0.2162433,0.4230716,0.29619738,8037.045,2799.541,27.760702,59.280655,3.4438112,870.7861,0.13079268,-0.9914097,0.067421794,34.238514
P000160,2019-06-24,701440.0,3.7563122e+06,-6.821800843475873,33.93529177783564,54.272453,5.900007,0.07588006,0.09924982,0.2128191,0.43156362,0.29512697,8296.299,2609.4175,27.760702,59.280655,3.4438112,870.7861,0.13079268,-0.9914097,0.067421794,36.79078
P000161,2019-06-24,701701.8,3.7563122e+06,-6.818964633198758,33.93529177783564,53.78873,5.688872,0.08345819,0.15848243,0.20700434,0.42192122,0.28558698,8240.717,2432.1008,27.760702,59.280655,3.4438112,870.7861,0.13079268,-0.9914097,0.067421794,34.74148
P000162,2019-06-24,701963.6,3.7563122e+06,-6.816128422921644,33.93529177783564,54.72922,5.4430094,0.09678554,0.0949897,0.2899943,0.39548805,0.33195743,8162.8066,2270.5935,27.760702,59.280655,3.4438112,870.7861,0.13079268,-0.9914097,0.067421794,37.422123
P000163,2019-06-24,702225.44,3.7563122e+06,-6.81329221264453,33.93529177783564,55.06719,5.1642017,0.09564412,0.060150523,0.16805646,0.3591165,0.2311944,8090.2515,2128.497,27.760702,59.280655,3.4438112,870.7861,0.13079268,-0.9914097,0.067421794,35.382523
P000164,2019-06-24,702487.25,3.7563122e+06,-6.810456002367417,33.93529177783564,57.587723,4.854471,0.14805745,-0.011154213,0.20695603,0.32293966,0.24314065,8023.1973,2009.9325,27.760702,59.280655,3.4438112,870.7861,0.13079268,-0.9914097,0.067421794,35.05011
P000165,2019-06-24,702749.06,3.7563122e+06,-6.8076197920903025,33.93529177783564,58.429363,4.516063,0.13584538,0.015845777,0.1278655,0.29703033,0.17645739,7961.782,1919.2664,27.760702,59.280655,3.4438112,870.7861,0.13079268,-0.9914097,0.067421794,34.619358
P000166,2019-06-24,703010.94,3.7563122e+06,-6.804783581813189,33.93529177783564,58.78814,4.1513424,0.14937766,0.058187544,0.17652233,0.28807184,0.20580907,7906.126,1860.5712,27.760702,59.280655,3.4438112,870.7861,0.13079268,-0.9914097,0.067421794,34.313892
P000167,2019-06-24,703272.75,3.7563122e+06,-6.801947371536074,33.93529177783564,58.689137,3.7631278,0.17544217,-0.0313824,0.14563607,0.29716885,0.18671416,7856.377,1836.9435,27.760702,59.280655,3.4438112,870.7861,0.13079268,-0.9914097,0.067421794,33.14931
P000168,2019-06-24,703534.56,3.7563122e+06,-6.799111161258961,33.93529177783564,60.62349,3.35415,0.111555725,-0.06608625,0.119310595,0.31952062,0.176467,7812.634,1849.7086,27.760702,59.280655,3.4438112,870.7861,0.13079268,-0.9914097,0.067421794,33.99557
P000169,2019-06-24,703796.4,3.7563122e+06,-6.7962749509818465,33.93529177783564,61.188942,2.9273753,0.15310633,0.004262712,0.120245874,0.34610716,0.18774469,7774.9985,1898.1326,27.760702,59.280655,3.4438112,870.7861,0.13079268,-0.9914097,0.067421794,34.84432
P000170,2019-06-24,704058.2,3.7563122e+06,-6.793438740704733,33.93529177783564,60.463253,2.4858983,0.12337144,0.032220215,0.09908414,0.36677155,0.18224223,7743.5596,1979.6003,27.760702,59.280655,3.4438112,870.7861,0.13079268,-0.9914097,0.067421794,33.055847
P000171,2019-06-24,704320.0,3.7563122e+06,-6.790602530427618,33.93529177783564,61.084026,2.0329208,0.13805358,0.07102138,0.14015305,0.37366885,0.21594921,7718.3926,2090.252,27.760702,59.280655,3.4438112,870.7861,0.13079268,-0.9914097,0.067421794,34.475216
P000172,2019-06-24,704581.8,3.7563122e+06,-6.787766320150504,33.93529177783564,64.32075,1.5717275,0.107299425,-0.0008492931,0.11199436,0.36389965,0.19550972,7699.56,2225.7388,27.760702,59.280655,3.4438112,870.7861,0.13079268,-0.9914097,0.067421794,34.40214
P000173,2019-06-24,704843.6,3.7563122e+06,-6.7849301098733905,33.93529177783564,61.32644,1.1056631,0.1197376,-0.06896856,0.08803502,0.34043372,0.17308007,7687.1074,2381.8264,27.760702,59.280655,3.4438112,870.7861,0.13079268,-0.9914097,0.067421794,34.54807
P000174,2019-06-24,694632.75,3.7566148e+06,-6.8955423106808365,33.93802779216882,17.31916,2.075487,0.05667341,0.040963214,0.08717516,0.251559,0.14906758,1555.583,6321.1494,27.760702,59.280655,3.4438112,870.7861,0.13079268,-0.9914097,0.067421794,36.66549
P000175,2019-06-24,694894.56,3.7566148e+06,-6.892706100403723,33.93802779216882,17.663527,1.6199287,,0.04844615,0.14515233,0.26712927,0.1951007,1814.8365,6143.745,27.760702,59.280655,3.4438112,870.7861,0.13079268,-0.9914097,0.067421794,34.911156
P000176,2019-06-24,695156.4,3.7566148e+06,-6.889869890126609,33.93802779216882,20.977894,1.1591496,0.022191688,0.01761517,0.20218943,0.29588786,0.24509135,2074.09,5972.3286,27.760702,59.280655,3.4438112,870.7861,0.13079268,-0.9914097,0.067421794,34.757427
P000177,2019-06-24,695418.2,3.7566148e+06,-6.8870336798494955,33.93802779216882,19.994703,1.1035088,0.051516082,0.082938336,0.16091117,0.32938886,0.22792064,2333.3438,5807.429,27.760702,59.280655,3.4438112,870.7861,0.13079268,-0.9914097,0.067421794,35.242466
P000179,2019-06-24,695941.8,3.7566148e+06,-6.881361259295266,33.93802779216882,22.50211,2.0210538,0.044203416,0.12169168,0.183689,0.37261638,0.25899005,2851.8506,5499.5054,27.760702,59.280655,3.4438112,870.7861,0.13079268,-0.9914097,0.067421794,35.957912
P000181,2019-06-24,696465.44,3.7566148e+06,-6.875688838741039,33.93802779216882,26.318958,2.906139,0.030805875,0.09874439,0.20146576,0.35445115,0.265067,3370.3577,5224.996,27.760702,59.280655,3.4438112,870.7861,0.13079268,-0.9914097,0.067421794,35.753647
P000182,2019-06-24,696727.25,3.7566148e+06,-6.872852628463925,33.93802779216882,26.140783,3.3284433,0.012257922,0.09866188,0.1899006,0.33097023,0.2487466,3629.6113,5101.9834,27.760702,59.280655,3.4438112,870.7861,0.13079268,-0.9914097,0.067421794,36.689957
P000184,2019-06-24,697250.94,3.7566148e+06,-6.867180207909697,33.93802779216882,28.110283,4.1173744,-0.028451629,0.068935774,0.24064603,0.30083236,0.27370316,4148.18,4888.0044,27.760702,59.280655,3.4438112,870.7861,0.13079268,-0.9914097,0.067421794,35.638535
P000185,2019-06-24,697512.75,3.7566148e+06,-6.864343997632583,33.93802779216882,31.00864,4.478186,0.007956613,0.082368664,0.29000467,0.30808133,0.31078136,4407.4336,4798.4937,27.760702,59.280655,3.4438112,870.7861,0.13079268,-0.9914097,0.067421794,36.22191
P000186,2019-06-24,697774.56,3.7566148e+06,-6.861507787355469,33.93802779216882,33.151207,4.813049,0.05091826,0.109268986,0.2530609,0.33119047,0.29299858,4666.6875,4721.538,27.760702,59.280655,3.4438112,870.7861,0.13079268,-0.9914097,0.067421794,35.936535
P000187,2019-06-24,698036.4,3.7566148e+06,-6.858671577078355,33.93802779216882,34.263195,5.1195354,0.0063329954,0.08856929,0.21382715,0.3640338,0.2770201,4925.941,4657.76,27.760702,59.280655,3.4438112,870.7861,0.13079268,-0.9914097,0.067421794,36.609066
P000188,2019-06-24,698298.2,3.7566148e+06,-6.855835366801242,33.93802779216882,37.236576,5.3954225,-0.011529563,0.09125151,0.21833384,0.39710185,0.29173973,5185.1943,4607.7065,27.760702,59.280655,3.4438112,870.7861,0.13079268,-0.9914097,0.067421794,35.83406
P000189,2019-06-24,698560.0,3.7566148e+06,-6.852999156524127,33.93802779216882,35.52377,5.6387095,0.07173246,0.16712038,0.3328972,0.42072117,0.38019383,5444.4478,4571.828,27.760702,59.280655,3.4438112,870.7861,0.13079268,-0.9914097,0.067421794,36.15512
P000190,2019-06-24,698821.8,3.7566148e+06,-6.850162946247012,33.93802779216882,36.322224,5.847633,0.007716282,0.18273437,0.34356123,0.42832944,0.39031714,5703.701,4550.461,27.760702,59.280655,3.4438112,870.7861,0.13079268,-0.9914097,0.067421794,38.00279
P000191,2019-06-24,699083.6,3.7566148e+06,-6.847326735969899,33.93802779216882,38.350395,6.0206766,0.023008026,0.16975532,0.28416148,0.41869104,0.34536248,5962.955,4462.5815,27.760702,59.280655,3.4438112,870.7861,0.13079268,-0.9914097,0.067421794,36.982452
P000192,2019-06-24,699345.44,3.7566148e+06,-6.844490525692784,33.93802779216882,41.924297,6.156586,0.05534412,0.10804588,0.28321925,0.39629713,0.33686677,6222.2085,4220.2886,27.760702,59.280655,3.4438112,870.7861,0.13079268,-0.9914097,0.067421794,36.88718
P000194,2019-06-24,699869.06,3.7566148e+06,-6.838818105138556,33.93802779216882,44.456844,6.3133364,-0.007695424,0.09365308,0.26566702,0.34867254,0.307682,6740.7153,3742.527,27.760702,59.280655,3.4438112,870.7861,0.13079268,-0.9914097,0.067421794,35.470924
P000195,2019-06-24,700130.94,3.7566148e+06,-6.835981894861443,33.93802779216882,44.57733,6.333041,0.032589387,0.11711294,0.27417836,0.34086406,0.31059632,7000.031,3507.9329,27.760702,59.280655,3.4438112,870.7861,0.13079268,-0.9914097,0.067421794,34.924213
P000196,2019-06-24,700392.75,3.7566148e+06,-6.833145684584329,33.93802779216882,48.41052,6.3133364,-0.028140232,0.12368914,0.32666454,0.3489845,0.34963188,7259.2847,3277.1213,27.760702,59.280655,3.4438112,870.7861,0.13079268,-0.9914097,0.067421794,37.134834
P000197,2019-06-24,700654.56,3.7566148e+06,-6.8303094743072155,33.93802779216882,47.5473,6.254376,0.12389114,0.064915165,0.28598145,0.36988646,0.32756314,7518.538,3050.882,27.760702,59.280655,3.4438112,870.7861,0.13079268,-0.9914097,0.067421794,35.733334
P000198,2019-06-24,700916.4,3.7566148e+06,-6.8274732640301,33.93802779216882,51.88236,6.156586,-0.006890987,0.17520668,0.2915848,0.39557493,0.33906525,7777.7915,2830.3113,27.760702,59.280655,3.4438112,870.7861,0.13079268,-0.9914097,0.067421794,36.008747
P000199,2019-06-24,701178.2,3.7566148e+06,-6.824637053752987,33.93802779216882,55.33123,6.0206766,0.021839473,0.114269234,0.27370623,0.41588235,0.33159703,8037.045,2616.843,27.760702,59.280655,3.4438112,870.7861,0.13079268,-0.9914097,0.067421794,35.833714
P000200,2019-06-24,701440.0,3.7566148e+06,-6.821800843475873,33.93802779216882,53.67876,5.847633,0.056729198,0.098074116,0.27416742,0.42192164,0.33121842,8099.2817,2412.3635,27.760702,59.280655,3.4438112,870.7861,0.13079268,-0.9914097,0.067421794,36.61957
P000201,2019-06-24,701701.8,3.7566148e+06,-6.818964633198758,33.93802779216882,55.194126,5.6387095,0.061761845,0.15558147,0.2898112,0.4091521,0.33411622,8013.8384,2219.3586,27.760702,59.280655,3.4438112,870.7861,0.13079268,-0.9914097,0.067421794,35.748386
P000202,2019-06-24,701963.6,3.7566148e+06,-6.816128422921644,33.93802779216882,55.072758,5.3954225,0.18030073,0.05959593,0.21785396,0.37901938,0.2689729,7933.7007,2041.086,27.760702,59.280655,3.4438112,870.7861,0.13079268,-0.9914097,0.067421794,33.88499
P000203,2019-06-24,702225.44,3.7566148e+06,-6.81329221264453,33.93802779216882,54.575275,5.1195354,0.23236577,0.03220066,0.20873839,0.3386061,0.24386875,7859.0312,1881.7378,27.760702,59.280655,3.4438112,870.7861,0.13079268,-0.9914097,0.067421794,32.623535
P000204,2019-06-24,702487.25,3.7566148e+06,-6.810456002367417,33.93802779216882,57.02374,4.813049,0.19773501,-0.050503228,0.08551102,0.29839396,0.13905081,7789.987,1746.5012,27.760702,59.280655,3.4438112,870.7861,0.13079268,-0.9914097,0.067421794,32.267803
P000205,2019-06-24,702749.06,3.7566148e+06,-6.8076197920903025,33.93802779216882,57.35698,4.478186,,-0.01713224,0.12878118,0.26887608,0.15515696,7726.7183,1641.3473,27.760702,59.280655,3.4438112,870.7861,0.13079268,-0.9914097,0.067421794,33.681698
P000206,2019-06-24,703010.94,3.7566148e+06,-6.804783581813189,33.93802779216882,57.784424,4.1172857,0.22853437,-0.083685115,0.07890669,0.25714865,0.11344995,7669.3564,1572.3114,27.760702,59.280655,3.4438112,870.7861,0.13079268,-0.9914097,0.067421794,32.74187
P000207,2019-06-24,703272.75,3.7566148e+06,-6.801947371536074,33.93802779216882,62.38163,3.7331371,0.27704835,-0.08404457,0.050402038,0.2646338,0.09499009,7618.061,1544.2794,27.760702,59.280655,3.4438112,870.7861,0.13079268,-0.9914097,0.067421794,31.739162
P000208,2019-06-24,703534.56,3.7566148e+06,-6.799111161258961,33.93802779216882,61.39073,3.3284433,0.22967328,-0.057904433,0.054613538,0.28667405,0.10626387,7572.942,1559.4421,27.760702,59.280655,3.4438112,870.7861,0.13079268,-0.9914097,0.067421794,33.266647
P000209,2019-06-24,703796.4,3.7566148e+06,-6.7962749509818465,33.93802779216882,62.235558,2.906139,0.23210515,-0.059813358,0.073293544,0.31418702,0.13122357,7534.109,1616.5845,27.760702,59.280655,3.4438112,870.7861,0.13079268,-0.9914097,0.067421794,31.416393
P000210,2019-06-24,704058.2,3.7566148e+06,-6.793438740704733,33.93802779216882,62.107624,2.4692864,0.21493478,-0.024027333,0.12260278,0.33676568,0.17719764,7501.6606,1711.5068,27.760702,59.280655,3.4438112,870.7861,0.13079268,-0.9914097,0.067421794,33.51296
P000211,2019-06-24,704320.0,3.7566148e+06,-6.790602530427618,33.93802779216882,62.964565,2.0210538,0.21456647,-0.011744571,0.05342064,0.34619123,0.13642213,7475.6797,1838.3663,27.760702,59.280655,3.4438112,870.7861,0.13079268,-0.9914097,0.067421794,31.604303
P000212,2019-06-24,704581.8,3.7566148e+06,-6.787766320150504,33.93802779216882,65.03005,1.5646913,0.17681904,0.028692726,0.111557305,0.33915538,0.17925827,7456.234,1991.0676,27.760702,59.280655,3.4438112,870.7861,0.13079268,-0.9914097,0.067421794,34.254658
P000213,2019-06-24,704843.6,3.7566148e+06,-6.7849301098733905,33.93802779216882,64.551704,1.1035088,0.11349501,-0.0030767762,0.10341373,0.31826806,0.17061788,7443.374,2164.1477,27.760702,59.280655,3.4438112,870.7861,0.13079268,-0.9914097,0.067421794,33.000957
P000214,2019-06-24,705105.44,3.7566148e+06,-6.782093899596276,33.93802779216882,65.970955,1.1591496,0.08286065,0.014808877,0.11652262,0.29102135,0.17405476,7437.135,2353.1138,27.760702,59.280655,3.4438112,870.7861,0.13079268,-0.9914097,0.067421794,34.14494
P000215,2019-06-24,705367.25,3.7566148e+06,-6.779257689319163,33.93802779216882,65.874466,1.6199287,0.11998114,0.014265047,0.16775359,0.2670851,0.2045885,7437.5327,2554.4429,27.760702,59.280655,3.4438112,870.7861,0.13079268,-0.9914097,0.067421794,35.33023
P000216,2019-06-24,694370.94,3.756917e+06,-6.898378520957952,33.940763806502005,15.134452,2.4899414,0.05328806,0.05805188,0.15117693,0.25321501,0.1944482,1296.3296,6303.183,27.760702,59.280655,3.4438112,870.7861,0.13079268,-0.9914097,0.067421794,35.179955
P000217,2019-06-24,694632.75,3.756917e+06,-6.8955423106808365,33.940763806502005,15.019305,2.0518837,0.04593578,0.049787868,0.1867768,0.25207663,0.21896894,1555.583,6114.276,27.760702,59.280655,3.4438112,870.7861,0.13079268,-0.9914097,0.067421794,34.930054
P000219,2019-06-24,695156.4,3.756917e+06,-6.889869890126609,33.940763806502005,18.738003,1.153946,-0.010097016,0.02383938,0.13295503,0.2976042,0.1972251,2074.09,5752.9253,27.760702,59.280655,3.4438112,870.7861,0.13079268,-0.9914097,0.067421794,36.06709
P000220,2019-06-24,695418.2,3.756917e+06,-6.8870336798494955,33.940763806502005,20.30558,1.0994225,-0.008485327,0.040319134,0.15916495,0.3317736,0.2275282,2333.3438,5581.5474,27.760702,59.280655,3.4438112,870.7861,0.13079268,-0.9914097,0.067421794,35.766987
P000221,2019-06-24,695680.0,3.756917e+06,-6.884197469572381,33.940763806502005,19.893084,1.5513446,0.03489058,0.083798565,0.18580276,0.36075968,0.25631508,2592.5972,5417.16,27.760702,59.280655,3.4438112,870.7861,0.13079268,-0.9914097,0.067421794,36.29558
P000224,2019-06-24,696465.44,3.756917e+06,-6.875688838741039,33.940763806502005,22.556917,2.8658564,0.05238581,0.09903579,0.21454403,0.3598835,0.2760987,3370.3577,4972.728,27.760702,59.280655,3.4438112,870.7861,0.13079268,-0.9914097,0.067421794,36.863792
P000226,2019-06-24,696989.06,3.756917e+06,-6.87001641818681,33.940763806502005,28.239813,3.676249,0.035932582,0.08511439,0.3238434,0.3172164,0.33763972,3888.8647,4724.59,27.760702,59.280655,3.4438112,870.7861,0.13079268,-0.9914097,0.067421794,35.790783
P000227,2019-06-24,697250.94,3.756917e+06,-6.867180207909697,33.940763806502005,29.573454,4.052771,0.0067308736,0.15214808,0.31373203,0.30875996,0.32757977,4148.18,4617.3613,27.760702,59.280655,3.4438112,870.7861,0.13079268,-0.9914097,0.067421794,37.820766
P000228,2019-06-24,697512.75,3.756917e+06,-6.864343997632583,33.940763806502005,29.12374,4.4063377,0.069610335,0.12667985,0.23038363,0.3168354,0.27203786,4407.4336,4522.497,27.760702,59.280655,3.4438112,870.7861,0.13079268,-0.9914097,0.067421794,35.593014
P000229,2019-06-24,697774.56,3.756917e+06,-6.861507787355469,33.940763806502005,32.14231,4.7344766,0.07928373,0.096772894,0.2621381,0.3407527,0.30261174,4666.6875,4440.761,27.760702,59.280655,3.4438112,870.7861,0.13079268,-0.9914097,0.067421794,36.02164
P000231,2019-06-24,698298.2,3.756917e+06,-6.855835366801242,33.940763806502005,35.914,5.305156,0.043548405,0.14614283,0.27402475,0.4081871,0.33448827,5185.1943,4319.5366,27.760702,59.280655,3.4438112,870.7861,0.13079268,-0.9914097,0.067421794,36.19902
P000232,2019-06-24,698560.0,3.756917e+06,-6.852999156524127,33.940763806502005,36.45146,5.5435586,0.027131997,0.13375312,0.31598282,0.43250224,0.37235218,5444.4478,4281.244,27.760702,59.280655,3.4438112,870.7861,0.13079268,-0.9914097,0.067421794,37.30214
P000233,2019-06-24,698821.8,3.756917e+06,-6.850162946247012,33.940763806502005,37.63062,5.7482862,-0.007894616,0.17328677,0.35649604,0.44075003,0.40358737,5703.701,4258.419,27.760702,59.280655,3.4438112,870.7861,0.13079268,-0.9914097,0.067421794,37.126495
P000234,2019-06-24,699083.6,3.756917e+06,-6.847326735969899,33.940763806502005,39.099102,5.9178553,-0.0065369834,0.20007913,0.29709816,0.43168542,0.3588328,5962.955,4251.31,27.760702,59.280655,3.4438112,870.7861,0.13079268,-0.9914097,0.067421794,37.16288
P000235,2019-06-24,699345.44,3.756917e+06,-6.844490525692784,33.940763806502005,42.104588,6.051036,0.03517941,0.1437433,0.3068796,0.4097904,0.35802078,6222.2085,4122.29,27.760702,59.280655,3.4438112,870.7861,0.13079268,-0.9914097,0.067421794,36.638092
P000238,2019-06-24,700130.94,3.756917e+06,-6.835981894861443,33.940763806502005,46.803204,6.223948,0.06934682,0.12143688,0.3022058,0.35485855,0.33476138,7000.031,3389.4,27.760702,59.280655,3.4438112,870.7861,0.13079268,-0.9914097,0.067421794,35.62481
P000239,2019-06-24,700392.75,3.756917e+06,-6.833145684584329,33.940763806502005,49.288376,6.204639,-0.015593018,0.11507733,0.31829795,0.36251196,0.34785235,7259.2847,3149.9148,27.760702,59.280655,3.4438112,870.7861,0.13079268,-0.9914097,0.067421794,38.319756
P000240,2019-06-24,700654.56,3.756917e+06,-6.8303094743072155,33.940763806502005,50.03268,6.146862,0.034038845,0.14911383,0.299436,0.38246998,0.34022212,7518.538,2913.8154,27.760702,59.280655,3.4438112,870.7861,0.13079268,-0.9914097,0.067421794,35.861282
P000241,2019-06-24,700916.4,3.756917e+06,-6.8274732640301,33.940763806502005,52.41021,6.051036,0.019243918,0.11902434,0.31494954,0.406589,0.35732433,7777.7915,2681.9956,27.760702,59.280655,3.4438112,870.7861,0.13079268,-0.9914097,0.067421794,38.224827
P000242,2019-06-24,701178.2,3.756917e+06,-6.824637053752987,33.940763806502005,53.984356,5.9178553,0.08500933,0.104224764,0.23867399,0.42455545,0.3070084,7969.1914,2455.6682,27.760702,59.280655,3.4438112,870.7861,0.13079268,-0.9914097,0.067421794,34.866962
P000243,2019-06-24,701440.0,3.756917e+06,-6.821800843475873,33.940763806502005,53.353813,5.7482862,0.119412936,0.048835337,0.22392875,0.4273793,0.29328835,7876.071,2236.501,27.760702,59.280655,3.4438112,870.7861,0.13079268,-0.9914097,0.067421794,33.99726
P000244,2019-06-24,701701.8,3.756917e+06,-6.818964633198758,33.940763806502005,53.429398,5.5435586,0.12559871,0.07997058,0.31799895,0.41051129,0.34764972,7788.179,2026.8181,27.760702,59.280655,3.4438112,870.7861,0.13079268,-0.9914097,0.067421794,35.631733
P000245,2019-06-24,701963.6,3.756917e+06,-6.816128422921644,33.940763806502005,58.626114,5.305156,0.19735485,0.01315756,0.16073442,0.3755325,0.21873559,7705.695,1829.8829,27.760702,59.280655,3.4438112,870.7861,0.13079268,-0.9914097,0.067421794,33.203506
P000246,2019-06-24,702225.44,3.756917e+06,-6.81329221264453,33.940763806502005,58.15043,5.034809,0.23695865,-0.051210906,0.12605311,0.32983264,0.17132922,7628.794,1650.2655,27.760702,59.280655,3.4438112,870.7861,0.13079268,-0.9914097,0.067421794,33.974197
P000247,2019-06-24,702487.25,3.756917e+06,-6.810456002367417,33.940763806502005,56.7505,4.7344766,0.19279933,-0.091332674,0.18703254,0.2843596,0.19111128,7557.6465,1494.2241,27.760702,59.280655,3.4438112,870.7861,0.13079268,-0.9914097,0.067421794,33.67725
P000248,2019-06-24,702749.06,3.756917e+06,-6.8076197920903025,33.940763806502005,58.820873,4.4063377,0.28266186,-0.03519035,0.18637362,0.25016865,0.1726813,7492.4165,1369.8394,27.760702,59.280655,3.4438112,870.7861,0.13079268,-0.9914097,0.067421794,34.933575
P000249,2019-06-24,703010.94,3.756917e+06,-6.804783581813189,33.940763806502005,61.38833,4.052684,0.3882493,-0.14752364,0.013237854,0.23490812,0.04195302,7433.246,1286.3134,27.760702,59.280655,3.4438112,870.7861,0.13079268,-0.9914097,0.067421794,29.602541
P000250,2019-06-24,703272.75,3.756917e+06,-6.801947371536074,33.940763806502005,60.83938,3.676249,0.2960395,-0.15958503,0.021536397,0.24042389,0.04793731,7380.31,1251.8938,27.760702,59.280655,3.4438112,870.7861,0.13079268,-0.9914097,0.067421794,32.342228
P000251,2019-06-24,703534.56,3.756917e+06,-6.799111161258961,33.940763806502005,61.21755,3.2796812,0.3300354,-0.12442158,0.03860555,0.2622482,0.0684773,7333.7285,1270.5505,27.760702,59.280655,3.4438112,870.7861,0.13079268,-0.9914097,0.067421794,32.03065
P000252,2019-06-24,703796.4,3.756917e+06,-6.7962749509818465,33.940763806502005,64.13096,2.8658564,0.35057235,-0.08343246,0.09090506,0.29121217,0.11873687,7293.622,1340.0687,27.760702,59.280655,3.4438112,870.7861,0.13079268,-0.9914097,0.067421794,33.634537
P000253,2019-06-24,704058.2,3.756917e+06,-6.793438740704733,33.940763806502005,61.788765,2.4377759,0.34973675,-0.11091761,0.008848935,0.31656992,0.075712435,7260.099,1453.167,27.760702,59.280655,3.4438112,870.7861,0.13079268,-0.9914097,0.067421794,31.713226
P000254,2019-06-24,704320.0,3.756917e+06,-6.790602530427618,33.940763806502005,62.677246,1.9985434,0.26107827,-0.056673303,0.053584322,0.32959807,0.118370146,7233.2505,1600.634,27.760702,59.280655,3.4438112,870.7861,0.13079268,-0.9914097,0.067421794,32.049355
P000255,2019-06-24,704581.8,3.756917e+06,-6.787766320150504,33.940763806502005,64.48684,1.5513446,0.18934946,-0.0014208007,0.1101662,0.3264366,0.16404356,7213.151,1773.9192,27.760702,59.280655,3.4438112,870.7861,0.13079268,-0.9914097,0.067421794,34.89556
P000256,2019-06-24,704843.6,3.756917e+06,-6.7849301098733905,33.940763806502005,65.321175,1.0994225,0.18239214,0.010056198,0.11764964,0.30920994,0.17006317,7199.857,1966.208,27.760702,59.280655,3.4438112,870.7861,0.13079268,-0.9914097,0.067421794,34.26962
P000257,2019-06-24,705105.44,3.756917e+06,-6.782093899596276,33.940763806502005,66.099266,1.153946,0.113874614,-0.0007504629,0.10508803,0.28506786,0.15873696,7193.4067,2172.4602,27.760702,59.280655,3.4438112,870.7861,0.13079268,-0.9914097,0.067421794,33.820545
P000258,2019-06-24,705367.25,3.756917e+06,-6.779257689319163,33.940763806502005,67.287415,1.6054728,0.101914845,-0.031231869,0.124582514,0.26350838,0.16958949,7193.818,2389.062,27.760702,59.280655,3.4438112,870.7861,0.13079268,-0.9914097,0.067421794,34.535126
P000259,2019-06-24,705629.06,3.756917e+06,-6.776421479042048,33.940763806502005,67.1668,2.0518837,0.06718247,-0.023605313,0.087252155,0.2529353,0.14330935,7201.09,2613.4414,27.760702,59.280655,3.4438112,870.7861,0.13079268,-0.9914097,0.067421794,35.606804
P000260,2019-06-24,694109.06,3.7572195e+06,-6.901214731235065,33.943499820835186,14.668834,2.856035,0.03716077,0.026468666,0.12360244,0.28720114,0.187041,1037.0142,6309.3213,27.760702,59.280655,3.4438112,870.7861,0.13079268,-0.9914097,0.067421794,35.376083
P000262,2019-06-24,694632.75,3.7572195e+06,-6.8955423106808365,33.943499820835186,16.482903,2.017306,0.04547303,0.020090632,0.156704,0.2704376,0.20434219,1555.583,5914.474,27.760702,59.280655,3.4438112,870.7861,0.13079268,-0.9914097,0.067421794,34.49022
P000263,2019-06-24,694894.56,3.7572195e+06,-6.892706100403723,33.943499820835186,17.709085,1.5842956,0.047805477,0.07706354,0.13865817,0.28719696,0.19757304,1814.8365,5724.481,27.760702,59.280655,3.4438112,870.7861,0.13079268,-0.9914097,0.067421794,36.319916
P000264,2019-06-24,695156.4,3.7572195e+06,-6.889869890126609,33.943499820835186,19.019705,1.146323,0.057588775,0.13273193,0.18490268,0.31724164,0.24045518,2074.09,5540.107,27.760702,59.280655,3.4438112,870.7861,0.13079268,-0.9914097,0.067421794,36.10026
P000265,2019-06-24,695418.2,3.7572195e+06,-6.8870336798494955,33.943499820835186,20.88213,1.093436,0.07750164,0.15055472,0.21490647,0.3521212,0.27365845,2333.3438,5361.9316,27.760702,59.280655,3.4438112,870.7861,0.13079268,-0.9914097,0.067421794,34.806087
P000266,2019-06-24,695680.0,3.7572195e+06,-6.884197469572381,33.943499820835186,21.830063,1.5317923,0.017800415,0.077132516,0.19667438,0.3818607,0.27129397,2592.5972,5190.5933,27.760702,59.280655,3.4438112,870.7861,0.13079268,-0.9914097,0.067421794,38.587456
P000267,2019-06-24,695941.8,3.7572195e+06,-6.881361259295266,33.943499820835186,22.445017,1.9655669,0.042715747,0.10041307,0.21596135,0.3983531,0.29055157,2851.8506,5026.7915,27.760702,59.280655,3.4438112,870.7861,0.13079268,-0.9914097,0.067421794,36.33979
P000268,2019-06-24,696203.6,3.7572195e+06,-6.878525049018153,33.943499820835186,22.672857,2.3916142,0.026227525,0.06896387,0.21848087,0.39811203,0.29220924,3111.1042,4871.2866,27.760702,59.280655,3.4438112,870.7861,0.13079268,-0.9914097,0.067421794,37.219753
P000269,2019-06-24,696465.44,3.7572195e+06,-6.875688838741039,33.943499820835186,25.00567,2.8068447,0.04623254,0.1238029,0.23004214,0.3834456,0.2951402,3370.3577,4724.898,27.760702,59.280655,3.4438112,870.7861,0.13079268,-0.9914097,0.067421794,36.81624
P000271,2019-06-24,696989.06,3.7572195e+06,-6.87001641818681,33.943499820835186,27.825665,3.5929103,0.029523002,0.089187585,0.26878554,0.3425083,0.30785176,3888.8647,4463.0015,27.760702,59.280655,3.4438112,870.7861,0.13079268,-0.9914097,0.067421794,35.46436
P000273,2019-06-24,697512.75,3.7572195e+06,-6.864343997632583,33.943499820835186,29.814875,4.3010826,0.028767768,0.10292358,0.3587599,0.34384513,0.3711942,4407.4336,4248.484,27.760702,59.280655,3.4438112,870.7861,0.13079268,-0.9914097,0.067421794,38.476723
P000274,2019-06-24,697774.56,3.7572195e+06,-6.861507787355469,33.943499820835186,32.453606,4.619372,0.030038284,0.18746762,0.35409883,0.36859453,0.3765355,4666.6875,4161.3696,27.760702,59.280655,3.4438112,870.7861,0.13079268,-0.9914097,0.067421794,37.520542
P000275,2019-06-24,698036.4,3.7572195e+06,-6.858671577078355,33.943499820835186,34.788837,4.9106884,-0.024725016,0.15347765,0.32560134,0.40302134,0.36858028,4925.941,4088.8633,27.760702,59.280655,3.4438112,870.7861,0.13079268,-0.9914097,0.067421794,40.318142
P000276,2019-06-24,698298.2,3.7572195e+06,-6.855835366801242,33.943499820835186,35.24105,5.1729207,0.015513088,0.14724334,0.29781657,0.43759888,0.3611831,5185.1943,4031.7532,27.760702,59.280655,3.4438112,870.7861,0.13079268,-0.9914097,0.067421794,37.470306
P000277,2019-06-24,698560.0,3.7572195e+06,-6.852999156524127,33.943499820835186,39.60076,5.404166,0.009220757,0.10437407,0.29720736,0.46263635,0.3694805,5444.4478,3990.7002,27.760702,59.280655,3.4438112,870.7861,0.13079268,-0.9914097,0.067421794,36.84423
P000278,2019-06-24,698821.8,3.7572195e+06,-6.850162946247012,33.943499820835186,38.064148,5.6027484,0.01298599,0.16117881,0.38847396,0.47155398,0.43646342,5703.701,3966.2034,27.760702,59.280655,3.4438112,870.7861,0.13079268,-0.9914097,0.067421794,37.35457
P000280,2019-06-24,699345.44,3.7572195e+06,-6.844490525692784,33.943499820835186,41.1221,5.89641,0.031281948,0.1710416,0.38130414,0.44174117,0.42101184,6222.2085,3967.8965,27.760702,59.280655,3.4438112,870.7861,0.13079268,-0.9914097,0.067421794,38.428394
P000281,2019-06-24,699607.25,3.7572195e+06,-6.841654315415671,33.943499820835186,43.474655,5.98936,-0.008339767,0.15630962,0.31021455,0.41613162,0.3623122,6481.462,3791.6997,27.760702,59.280655,3.4438112,870.7861,0.13079268,-0.9914097,0.067421794,37.425648
P000282,2019-06-24,699869.06,3.7572195e+06,-6.838818105138556,33.943499820835186,46.012814,6.045402,0.03532232,0.20645352,0.40773302,0.3956354,0.42317656,6740.7153,3541.4736,27.760702,59.280655,3.4438112,870.7861,0.13079268,-0.9914097,0.067421794,38.048546
P000283,2019-06-24,700130.94,3.7572195e+06,-6.835981894861443,33.943499820835186,48.53083,6.0641313,-0.037624773,0.1749144,0.39134106,0.38754997,0.40818468,7000.031,3292.5857,27.760702,59.280655,3.4438112,870.7861,0.13079268,-0.9914097,0.067421794,37.542236
P000285,2019-06-24,700654.56,3.7572195e+06,-6.8303094743072155,33.943499820835186,52.49685,5.98936,0.0288801,0.17654878,0.3454776,0.41349745,0.38194543,7518.538,2800.6084,27.760702,59.280655,3.4438112,870.7861,0.13079268,-0.9914097,0.067421794,36.874844
P000286,2019-06-24,700916.4,3.7572195e+06,-6.8274732640301,33.943499820835186,52.501972,5.89641,0.07953672,0.15056504,0.35484666,0.4357877,0.39318186,7777.7915,2558.552,27.760702,59.280655,3.4438112,870.7861,0.13079268,-0.9914097,0.067421794,35.72511
P000287,2019-06-24,701178.2,3.7572195e+06,-6.824637053752987,33.943499820835186,53.752922,5.767227,0.07174595,0.13151088,0.32274204,0.4510312,0.37148237,7749.72,2320.214,27.760702,59.280655,3.4438112,870.7861,0.13079268,-0.9914097,0.067421794,34.93383
P000288,2019-06-24,701440.0,3.7572195e+06,-6.821800843475873,33.943499820835186,58.82273,5.6027484,0.17749341,0.09996595,0.27662894,0.45011657,0.332652,7653.9297,2086.8694,27.760702,59.280655,3.4438112,870.7861,0.13079268,-0.9914097,0.067421794,34.83325
P000289,2019-06-24,701701.8,3.7572195e+06,-6.818964633198758,33.943499820835186,57.357437,5.404166,0.19537167,0.08976185,0.23979604,0.42848396,0.29136583,7563.457,1860.3976,27.760702,59.280655,3.4438112,870.7861,0.13079268,-0.9914097,0.067421794,36.19485
P000290,2019-06-24,701963.6,3.7572195e+06,-6.816128422921644,33.943499820835186,57.201073,5.1729207,0.21778506,-0.011587656,0.18316656,0.38787252,0.22815555,7478.4946,1643.642,27.760702,59.280655,3.4438112,870.7861,0.13079268,-0.9914097,0.067421794,34.814575
P000291,2019-06-24,702225.44,3.7572195e+06,-6.81329221264453,33.943499820835186,58.28386,4.9106884,0.30722007,-0.08698444,0.14099927,0.33603153,0.1703599,7399.233,1440.994,27.760702,59.280655,3.4438112,870.7861,0.13079268,-0.9914097,0.067421794,34.436245
P000292,2019-06-24,702487.25,3.7572195e+06,-6.810456002367417,33.943499820835186,58.914513,4.619372,0.39508435,-0.13816853,0.13062629,0.28445497,0.13512094,7325.856,1259.2828,27.760702,59.280655,3.4438112,870.7861,0.13079268,-0.9914097,0.067421794,31.817122
P000293,2019-06-24,702749.06,3.7572195e+06,-6.8076197920903025,33.943499820835186,61.983234,4.3010826,0.4897693,-0.22627777,0.0,0.24485663,0.021297751,7258.5435,1108.8496,27.760702,59.280655,3.4438112,870.7861,0.13079268,-0.9914097,0.067421794,30.091814
P000294,2019-06-24,703010.94,3.7572195e+06,-6.804783581813189,33.943499820835186,61.133656,3.9580452,0.48411205,-0.21401475,0.0,0.22553173,0.008579437,7197.4507,1003.8374,27.760702,59.280655,3.4438112,870.7861,0.13079268,-0.9914097,0.067421794,30.2285
P000295,2019-06-24,703272.75,3.7572195e+06,-6.801947371536074,33.943499820835186,62.349236,3.5929103,0.54747146,-0.2208436,0.006177935,0.22882226,0.011562485,7142.7676,959.33594,27.760702,59.280655,3.4438112,870.7861,0.13079268,-0.9914097,0.067421794,29.168758
P000296,2019-06-24,703534.56,3.7572195e+06,-6.799111161258961,33.943499820835186,62.67858,3.208247,0.5418433,-0.18093652,0.010359789,0.25048184,0.023424434,7094.626,983.5579,27.760702,59.280655,3.4438112,870.7861,0.13079268,-0.9914097,0.067421794,29.985384
P000297,2019-06-24,703796.4,3.7572195e+06,-6.7962749509818465,33.943499820835186,64.14396,2.8068447,0.45494828,-0.18705164,0.0,0.28123894,0.03192692,7053.1606,1071.8544,27.760702,59.280655,3.4438112,870.7861,0.13079268,-0.9914097,0.067421794,31.527384
P000298,2019-06-24,704058.2,3.7572195e+06,-6.793438740704733,33.943499820835186,62.73471,2.3916142,0.43977275,-0.1492716,0.0,0.30994886,0.04984416,7018.489,1210.2817,27.760702,59.280655,3.4438112,870.7861,0.13079268,-0.9914097,0.067421794,31.878004
P000299,2019-06-24,704320.0,3.7572195e+06,-6.790602530427618,33.943499820835186,62.937435,1.9655669,0.36228243,-0.09405097,0.027556378,0.32729492,0.084839776,6990.7124,1383.8776,27.760702,59.280655,3.4438112,870.7861,0.13079268,-0.9914097,0.067421794,31.881943
P000300,2019-06-24,704581.8,3.7572195e+06,-6.787766320150504,33.943499820835186,64.984955,1.5317923,0.267513,-0.08298733,0.10940489,0.32876867,0.15283787,6969.9136,1581.0999,27.760702,59.280655,3.4438112,870.7861,0.13079268,-0.9914097,0.067421794,30.885756
P000301,2019-06-24,704843.6,3.7572195e+06,-6.7849301098733905,33.943499820835186,65.95022,1.093436,0.2660969,-0.071790494,0.026163207,0.31592387,0.099747024,6956.155,1794.1743,27.760702,59.280655,3.4438112,870.7861,0.13079268,-0.9914097,0.067421794,32.31298
P000302,2019-06-24,705105.44,3.7572195e+06,-6.782093899596276,33.943499820835186,66.17928,1.146323,0.18452545,-0.010947378,0.1356672,0.29550776,0.17765847,6949.4785,2018.0859,27.760702,59.280655,3.4438112,870.7861,0.13079268,-0.9914097,0.067421794,33.539284
P000303,2019-06-24,705367.25,3.7572195e+06,-6.779257689319163,33.943499820835186,65.40721,1.5842956,0.13362636,-0.057267893,0.112540565,0.2768161,0.16167802,6949.9043,2249.601,27.760702,59.280655,3.4438112,870.7861,0.13079268,-0.9914097,0.067421794,34.700043
P000304,2019-06-24,705629.06,3.7572195e+06,-6.776421479042048,33.943499820835186,67.843056,2.017306,0.16566254,-0.0045589223,0.13336262,0.26822978,0.17829324,6957.431,2486.597,27.760702,59.280655,3.4438112,870.7861,0.13079268,-0.9914097,0.067421794,34.060368
P000305,2019-06-24,705890.94,3.7572195e+06,-6.7735852687649345,33.943499820835186,66.8455,2.4423141,0.11753101,0.043669585,0.10389325,0.27416188,0.16326497,6972.0405,2727.7031,27.760702,59.280655,3.4438112,870.7861,0.13079268,-0.9914097,0.067421794,35.48137
P000306,2019-06-24,693847.25,3.757522e+06,-6.904050941512179,33.94623583516837,12.066696,3.1602604,0.04885163,0.03651644,0.119000725,0.3403666,0.2024276,777.76056,6339.5737,27.760702,59.280655,3.4438112,870.7861,0.13079268,-0.9914097,0.067421794,34.882027
P000307,2019-06-24,694109.06,3.757522e+06,-6.901214731235065,33.94623583516837,12.717882,2.7768903,0.033183593,0.11536914,0.18428911,0.31597784,0.23959224,1037.0142,6129.891,27.760702,59.280655,3.4438112,870.7861,0.13079268,-0.9914097,0.067421794,37.307358
P000309,2019-06-24,694632.75,3.757522e+06,-6.8955423106808365,33.94623583516837,16.94195,1.9720978,0.01568389,0.109717265,0.21824117,0.30033967,0.2578795,1555.583,5722.6772,27.760702,59.280655,3.4438112,870.7861,0.13079268,-0.9914097,0.067421794,36.845673
P000310,2019-06-24,694894.56,3.757522e+06,-6.892706100403723,33.94623583516837,18.084415,1.5566078,0.06104846,0.0804654,0.20957853,0.3177402,0.25789964,1814.8365,5526.0938,27.760702,59.280655,3.4438112,870.7861,0.13079268,-0.9914097,0.067421794,38.538677
P000311,2019-06-24,695156.4,3.757522e+06,-6.889869890126609,33.94623583516837,20.042412,1.1363562,0.05140996,0.06865081,0.19537914,0.34847626,0.2587076,2074.09,5334.8677,27.760702,59.280655,3.4438112,870.7861,0.13079268,-0.9914097,0.067421794,36.062916
P000313,2019-06-24,695680.0,3.757522e+06,-6.884197469572381,33.94623583516837,18.915363,1.5062288,0.028109385,0.12248574,0.22113895,0.4146133,0.29984826,2592.5972,4970.945,27.760702,59.280655,3.4438112,870.7861,0.13079268,-0.9914097,0.067421794,37.00666
P000315,2019-06-24,696203.6,3.757522e+06,-6.878525049018153,33.94623583516837,22.73877,2.3312607,-0.0064049475,0.09407004,0.22395322,0.43252066,0.30800498,3111.1042,4636.536,27.760702,59.280655,3.4438112,870.7861,0.13079268,-0.9914097,0.067421794,35.95817
P000318,2019-06-24,696989.06,3.757522e+06,-6.87001641818681,33.94623583516837,27.156248,3.4839501,0.00022478665,0.16605562,0.31495786,0.37950704,0.35291594,3888.8647,4205.522,27.760702,59.280655,3.4438112,870.7861,0.13079268,-0.9914097,0.067421794,36.457752
P000319,2019-06-24,697250.94,3.757522e+06,-6.867180207909697,33.94623583516837,27.499462,3.8343923,0.054153718,0.08165486,0.2546422,0.37277,0.30822578,4148.18,4084.69,27.760702,59.280655,3.4438112,870.7861,0.13079268,-0.9914097,0.067421794,36.59707
P000321,2019-06-24,697774.56,3.757522e+06,-6.861507787355469,33.94623583516837,32.088272,4.468879,0.034886084,0.14004765,0.3196374,0.40809602,0.36583796,4666.6875,3883.945,27.760702,59.280655,3.4438112,870.7861,0.13079268,-0.9914097,0.067421794,36.93827
P000322,2019-06-24,698036.4,3.757522e+06,-6.858671577078355,33.94623583516837,34.234623,4.748409,-0.0145172775,0.17761888,0.3818254,0.4433069,0.42157108,4925.941,3806.1575,27.760702,59.280655,3.4438112,870.7861,0.13079268,-0.9914097,0.067421794,37.87327
P000323,2019-06-24,698298.2,3.757522e+06,-6.855835366801242,33.94623583516837,35.964626,5.0000305,-0.011616391,0.2042937,0.3809414,0.47863677,0.4332092,5185.1943,3744.7383,27.760702,59.280655,3.4438112,870.7861,0.13079268,-0.9914097,0.067421794,39.93796
P000324,2019-06-24,698560.0,3.757522e+06,-6.852999156524127,33.94623583516837,37.841614,5.2219195,0.02127267,0.217608,0.43134874,0.5043913,0.4774232,5444.4478,3700.5027,27.760702,59.280655,3.4438112,870.7861,0.13079268,-0.9914097,0.067421794,39.192535
P000325,2019-06-24,698821.8,3.757522e+06,-6.850162946247012,33.94623583516837,38.491875,5.4124665,0.0032628414,0.21720259,0.40513265,0.5139861,0.46237618,5703.701,3674.0713,27.760702,59.280655,3.4438112,870.7861,0.13079268,-0.9914097,0.067421794,39.6557
P000327,2019-06-24,699345.44,3.757522e+06,-6.844490525692784,33.94623583516837,43.003613,5.694246,0.009924422,0.168935,0.3972778,0.48537952,0.44686928,6222.2085,3675.8992,27.760702,59.280655,3.4438112,870.7861,0.13079268,-0.9914097,0.067421794,38.551292
P000328,2019-06-24,699607.25,3.757522e+06,-6.841654315415671,33.94623583516837,42.41882,5.783435,0.06668581,0.19617485,0.3664006,0.46027842,0.4165272,6481.462,3704.1313,27.760702,59.280655,3.4438112,870.7861,0.13079268,-0.9914097,0.067421794,38.585342
P000330,2019-06-24,700130.94,3.757522e+06,-6.835981894861443,33.94623583516837,46.41308,5.855181,-0.022590943,0.25884426,0.4663023,0.43254775,0.47599575,7000.031,3219.5657,27.760702,59.280655,3.4438112,870.7861,0.13079268,-0.9914097,0.067421794,39.41896
P000331,2019-06-24,700392.75,3.757522e+06,-6.833145684584329,33.94623583516837,50.393078,5.8372097,0.018725067,0.22054662,0.43029812,0.4390941,0.45151722,7259.2847,2966.401,27.760702,59.280655,3.4438112,870.7861,0.13079268,-0.9914097,0.067421794,39.066444
P000332,2019-06-24,700654.56,3.757522e+06,-6.8303094743072155,33.94623583516837,52.029644,5.783435,0.039345317,0.16507278,0.3713463,0.45684528,0.41386753,7518.538,2714.3857,27.760702,59.280655,3.4438112,870.7861,0.13079268,-0.9914097,0.067421794,39.17137
P000333,2019-06-24,700916.4,3.757522e+06,-6.8274732640301,33.94623583516837,53.32721,5.694246,0.064326935,0.1370723,0.33949804,0.4773097,0.39469355,7635.55,2463.8733,27.760702,59.280655,3.4438112,870.7861,0.13079268,-0.9914097,0.067421794,36.389767
P000334,2019-06-24,701178.2,3.757522e+06,-6.824637053752987,33.94623583516837,57.90516,5.5702906,0.1112887,0.12874238,0.34478134,0.48983184,0.39687058,7531.7554,2215.3728,27.760702,59.280655,3.4438112,870.7861,0.13079268,-0.9914097,0.067421794,37.709305
P000335,2019-06-24,701440.0,3.757522e+06,-6.821800843475873,33.94623583516837,57.625477,5.4124665,0.1469372,0.09859222,0.25789988,0.48518,0.3263604,7433.1567,1969.6465,27.760702,59.280655,3.4438112,870.7861,0.13079268,-0.9914097,0.067421794,34.973618
P000336,2019-06-24,701701.8,3.757522e+06,-6.818964633198758,33.94623583516837,59.17184,5.2219195,0.19770075,-0.009813502,0.22194958,0.45878404,0.28169042,7339.963,1727.8779,27.760702,59.280655,3.4438112,870.7861,0.13079268,-0.9914097,0.067421794,33.71442
P000337,2019-06-24,701963.6,3.757522e+06,-6.816128422921644,33.94623583516837,58.368874,5.0000305,0.3083294,-0.03860267,0.19121374,0.41254085,0.23188107,7252.383,1491.9927,27.760702,59.280655,3.4438112,870.7861,0.13079268,-0.9914097,0.067421794,35.161022
P000338,2019-06-24,702225.44,3.757522e+06,-6.81329221264453,33.94623583516837,59.32315,4.748409,0.37308115,-0.10146882,0.14946757,0.35455775,0.16924778,7170.622,1265.2853,27.760702,59.280655,3.4438112,870.7861,0.13079268,-0.9914097,0.067421794,33.08227
P000339,2019-06-24,702487.25,3.757522e+06,-6.810456002367417,33.94623583516837,61.457035,4.468879,0.48233712,-0.19178675,0.058996513,0.2968722,0.072880596,7094.8813,1053.6965,27.760702,59.280655,3.4438112,870.7861,0.13079268,-0.9914097,0.067421794,32.636665
P000340,2019-06-24,702749.06,3.757522e+06,-6.8076197920903025,33.94623583516837,62.376144,4.163469,0.57956254,-0.2378135,0.0,0.25185353,0.004791946,7025.356,868.34937,27.760702,59.280655,3.4438112,870.7861,0.13079268,-0.9914097,0.067421794,29.187702
P000341,2019-06-24,703010.94,3.757522e+06,-6.804783581813189,33.94623583516837,60.576824,3.834311,0.6510035,-0.26303998,0.0106528355,0.22844082,0.0,6962.218,729.5017,27.760702,59.280655,3.4438112,870.7861,0.13079268,-0.9914097,0.067421794,28.271307
P000342,2019-06-24,703272.75,3.757522e+06,-6.801947371536074,33.94623583516837,63.122974,3.4839501,0.6530353,-0.2255444,0.002521175,0.22947001,0.0,6905.672,666.9398,27.760702,59.280655,3.4438112,870.7861,0.13079268,-0.9914097,0.067421794,28.111732
P000343,2019-06-24,703534.56,3.757522e+06,-6.799111161258961,33.94623583516837,63.812443,3.114851,0.6046329,-0.26063934,0.01448616,0.25091556,0.0054220776,6855.8657,701.33405,27.760702,59.280655,3.4438112,870.7861,0.13079268,-0.9914097,0.067421794,30.377455
P000344,2019-06-24,703796.4,3.757522e+06,-6.7962749509818465,33.94623583516837,63.938423,2.72969,0.55130804,-0.22518075,0.056567337,0.28340456,0.052707862,6812.9473,820.58203,27.760702,59.280655,3.4438112,870.7861,0.13079268,-0.9914097,0.067421794,31.552572
P000345,2019-06-24,704058.2,3.757522e+06,-6.793438740704733,33.94623583516837,63.590214,2.3312607,0.51231253,-0.21135986,0.0,0.3153964,0.034492563,6777.047,994.6181,27.760702,59.280655,3.4438112,870.7861,0.13079268,-0.9914097,0.067421794,30.766088
P000346,2019-06-24,704320.0,3.757522e+06,-6.790602530427618,33.94623583516837,64.27993,1.9224521,0.49516732,-0.14127223,0.0,0.33698505,0.05451938,6748.2764,1199.8334,27.760702,59.280655,3.4438112,870.7861,0.13079268,-0.9914097,0.067421794,30.340136
P000347,2019-06-24,704581.8,3.757522e+06,-6.787766320150504,33.94623583516837,65.08839,1.5062288,0.3785543,-0.10927449,0.037079934,0.34301782,0.095773734,6726.728,1422.8,27.760702,59.280655,3.4438112,870.7861,0.13079268,-0.9914097,0.067421794,32.00111
P000348,2019-06-24,704843.6,3.757522e+06,-6.7849301098733905,33.94623583516837,65.81284,1.0856093,0.29639846,-0.07936533,0.0032010654,0.33448154,0.08159209,6712.471,1656.3649,27.760702,59.280655,3.4438112,870.7861,0.13079268,-0.9914097,0.067421794,31.144455
P000349,2019-06-24,705105.44,3.757522e+06,-6.782093899596276,33.94623583516837,66.87739,1.1363562,0.20789215,-0.01576057,0.14540306,0.3177237,0.18614607,6705.552,1896.6165,27.760702,59.280655,3.4438112,870.7861,0.13079268,-0.9914097,0.067421794,34.16539
P000350,2019-06-24,705367.25,3.757522e+06,-6.779257689319163,33.94623583516837,67.95171,1.5566078,0.17651905,-0.008700149,0.13268766,0.3018392,0.18042272,6705.993,2141.3052,27.760702,59.280655,3.4438112,870.7861,0.13079268,-0.9914097,0.067421794,33.80859
P000351,2019-06-24,705629.06,3.757522e+06,-6.776421479042048,33.94623583516837,66.86694,1.9720978,0.10332259,0.009585108,0.16612506,0.29518646,0.20803028,6713.7935,2389.0684,27.760702,59.280655,3.4438112,870.7861,0.13079268,-0.9914097,0.067421794,35.254852
P000352,2019-06-24,705890.94,3.757522e+06,-6.7735852687649345,33.94623583516837,67.304535,2.3799093,0.06961993,0.05165987,0.12501986,0.30228165,0.18630122,6728.932,2639.0996,27.760702,59.280655,3.4438112,870.7861,0.13079268,-0.9914097,0.067421794,35.987713
P000353,2019-06-24,706152.75,3.757522e+06,-6.77074905848782,33.94623583516837,69.075516,2.7768903,0.09192481,0.090616055,0.17565161,0.32213837,0.23167792,6751.3516,2890.707,27.760702,59.280655,3.4438112,870.7861,0.13079268,-0.9914097,0.067421794,35.723587
P000354,2019-06-24,693847.25,3.7578245e+06,-6.904050941512179,33.94897184950156,13.273744,3.0434446,,0.080405205,0.17419972,0.36874822,0.25099918,777.76056,6174.919,27.760702,59.280655,3.4438112,870.7861,0.13079268,-0.9914097,0.067421794,36.542213
P000355,2019-06-24,694109.06,3.7578245e+06,-6.901214731235065,33.94897184950156,13.179231,2.679888,0.026149992,0.08320165,0.15400226,0.34485808,0.22849701,1037.0142,5959.446,27.760702,59.280655,3.4438112,870.7861,0.13079268,-0.9914097,0.067421794,35.765087
P000356,2019-06-24,694370.94,3.7578245e+06,-6.898378520957952,33.94897184950156,15.813584,2.3033326,0.020516034,0.06917894,0.16408868,0.32975844,0.23026833,1296.3296,5747.5396,27.760702,59.280655,3.4438112,870.7861,0.13079268,-0.9914097,0.067421794,37.731182
P000357,2019-06-24,694632.75,3.7578245e+06,-6.8955423106808365,33.94897184950156,17.212067,1.916689,0.072992176,0.07738703,0.17637667,0.33037624,0.2390786,1555.583,5539.717,27.760702,59.280655,3.4438112,870.7861,0.13079268,-0.9914097,0.067421794,36.283554
P000359,2019-06-24,695156.4,3.7578245e+06,-6.889869890126609,33.94897184950156,20.544365,1.1241407,0.0560906,0.12620014,0.18677862,0.3798737,0.2636508,2074.09,5138.1167,27.760702,59.280655,3.4438112,870.7861,0.13079268,-0.9914097,0.067421794,35.249397
P000360,2019-06-24,695418.2,3.7578245e+06,-6.8870336798494955,33.94897184950156,18.579824,1.0760165,0.033636983,0.15826169,0.20052819,0.41623932,0.2859714,2333.3438,4945.4795,27.760702,59.280655,3.4438112,870.7861,0.13079268,-0.9914097,0.067421794,36.0804
P000361,2019-06-24,695680.0,3.7578245e+06,-6.884197469572381,33.94897184950156,20.865938,1.4748974,-0.038030177,0.09376527,0.23405796,0.44754243,0.32035023,2592.5972,4759.172,27.760702,59.280655,3.4438112,870.7861,0.13079268,-0.9914097,0.067421794,37.85753
P000362,2019-06-24,695941.8,3.7578245e+06,-6.881361259295266,33.94897184950156,22.118437,1.8696092,0.04136373,0.12723507,0.27115119,0.46566,0.35258725,2851.8506,4579.9663,27.760702,59.280655,3.4438112,870.7861,0.13079268,-0.9914097,0.067421794,36.432632
P000363,2019-06-24,696203.6,3.7578245e+06,-6.878525049018153,33.94897184950156,23.274845,2.2572896,0.018968586,0.08602881,0.21524341,0.46708667,0.3138552,3111.1042,4408.729,27.760702,59.280655,3.4438112,870.7861,0.13079268,-0.9914097,0.067421794,36.185402
P000364,2019-06-24,696465.44,3.7578245e+06,-6.875688838741039,33.94897184950156,23.939789,2.6351273,0.045644037,0.13637418,0.26451734,0.45410973,0.34367764,3370.3577,4246.4243,27.760702,59.280655,3.4438112,870.7861,0.13079268,-0.9914097,0.067421794,38.320824
P000365,2019-06-24,696727.25,3.7578245e+06,-6.872852628463925,33.94897184950156,24.30857,3.0003822,0.064357325,0.15830365,0.33764172,0.4340059,0.38766652,3629.6113,4094.1138,27.760702,59.280655,3.4438112,870.7861,0.13079268,-0.9914097,0.067421794,38.35413
P000366,2019-06-24,696989.06,3.7578245e+06,-6.87001641818681,33.94897184950156,27.6282,3.3504052,0.01117119,0.13391665,0.27678314,0.41653374,0.3387537,3888.8647,3952.9536,27.760702,59.280655,3.4438112,870.7861,0.13079268,-0.9914097,0.067421794,36.79451
P000368,2019-06-24,697512.75,3.7578245e+06,-6.864343997632583,33.94897184950156,30.660484,3.9948046,-0.023051567,0.16194406,0.34357122,0.4210969,0.38662526,4407.4336,3709.053,27.760702,59.280655,3.4438112,870.7861,0.13079268,-0.9914097,0.067421794,36.949722
P000369,2019-06-24,697774.56,3.7578245e+06,-6.861507787355469,33.94897184950156,31.23046,4.2844305,0.016029889,0.17275438,0.38235924,0.44738373,0.42271864,4666.6875,3608.9412,27.760702,59.280655,3.4438112,870.7861,0.13079268,-0.9914097,0.067421794,38.41037
P000370,2019-06-24,698036.4,3.7578245e+06,-6.858671577078355,33.94897184950156,32.565548,4.5495133,0.009511075,0.17801484,0.3689567,0.4832944,0.42565548,4925.941,3525.0903,27.760702,59.280655,3.4438112,870.7861,0.13079268,-0.9914097,0.067421794,39.685173
P000371,2019-06-24,698298.2,3.7578245e+06,-6.855835366801242,33.94897184950156,35.944702,4.7881308,0.0013253808,0.2124272,0.43010455,0.5193036,0.48084024,5185.1943,3458.6836,27.760702,59.280655,3.4438112,870.7861,0.13079268,-0.9914097,0.067421794,39.84609
P000372,2019-06-24,698560.0,3.7578245e+06,-6.852999156524127,33.94897184950156,37.69721,4.998552,0.02553896,0.18182974,0.4277439,0.5457219,0.48825985,5444.4478,3410.74,27.760702,59.280655,3.4438112,870.7861,0.13079268,-0.9914097,0.067421794,37.942993
P000373,2019-06-24,698821.8,3.7578245e+06,-6.850162946247012,33.94897184950156,40.131786,5.179251,-0.009460231,0.21964493,0.4403582,0.5559674,0.50056547,5703.701,3382.045,27.760702,59.280655,3.4438112,870.7861,0.13079268,-0.9914097,0.067421794,39.532463
P000374,2019-06-24,699083.6,3.7578245e+06,-6.847326735969899,33.94897184950156,44.037952,5.3289185,-0.01579463,0.23312381,0.44223052,0.54877794,0.4993244,5962.955,3373.0894,27.760702,59.280655,3.4438112,870.7861,0.13079268,-0.9914097,0.067421794,39.8638
P000375,2019-06-24,699345.44,3.7578245e+06,-6.844490525692784,33.94897184950156,43.76915,5.4464674,-0.0329646,0.25206473,0.5148666,0.5286092,0.54315376,6222.2085,3384.0303,27.760702,59.280655,3.4438112,870.7861,0.13079268,-0.9914097,0.067421794,39.43878
P000376,2019-06-24,699607.25,3.7578245e+06,-6.841654315415671,33.94897184950156,46.064617,5.531047,0.028180808,0.22183344,0.43520644,0.5040843,0.47892526,6481.462,3414.6765,27.760702,59.280655,3.4438112,870.7861,0.13079268,-0.9914097,0.067421794,38.400055
P000377,2019-06-24,699869.06,3.7578245e+06,-6.838818105138556,33.94897184950156,46.23797,5.5820427,-0.037151173,0.1835049,0.37948158,0.4850235,0.43342647,6740.7153,3429.6353,27.760702,59.280655,3.4438112,870.7861,0.13079268,-0.9914097,0.067421794,38.233196
P000378,2019-06-24,700130.94,3.7578245e+06,-6.835981894861443,33.94897184950156,48.013077,5.5990853,-0.028256776,0.23355457,0.50923365,0.4783563,0.5217564,7000.031,3171.984,27.760702,59.280655,3.4438112,870.7861,0.13079268,-0.9914097,0.067421794,38.607147
P000379,2019-06-24,700392.75,3.7578245e+06,-6.833145684584329,33.94897184950156,53.433056,5.5820427,-0.04119627,0.1621715,0.4305828,0.4844947,0.46700135,7259.2847,2914.6892,27.760702,59.280655,3.4438112,870.7861,0.13079268,-0.9914097,0.067421794,35.99499
P000380,2019-06-24,700654.56,3.7578245e+06,-6.8303094743072155,33.94897184950156,52.32491,5.531047,0.0060972846,0.22906572,0.43606016,0.501373,0.47368088,7518.538,2657.7754,27.760702,59.280655,3.4438112,870.7861,0.13079268,-0.9914097,0.067421794,36.96551
P000381,2019-06-24,700916.4,3.7578245e+06,-6.8274732640301,33.94897184950156,53.97658,5.4464674,0.10343555,0.1421178,0.45371985,0.52036285,0.4879211,7422.2515,2401.3643,27.760702,59.280655,3.4438112,870.7861,0.13079268,-0.9914097,0.067421794,37.726624
P000382,2019-06-24,701178.2,3.7578245e+06,-6.824637053752987,33.94897184950156,56.851635,5.3289185,0.1910684,0.13248178,0.31513348,0.5306749,0.3875567,7315.4316,2145.6365,27.760702,59.280655,3.4438112,870.7861,0.13079268,-0.9914097,0.067421794,36.46552
P000383,2019-06-24,701440.0,3.7578245e+06,-6.821800843475873,33.94897184950156,58.31274,5.179251,0.16532548,0.035356656,0.27692413,0.5229835,0.34860644,7213.877,1890.8691,27.760702,59.280655,3.4438112,870.7861,0.13079268,-0.9914097,0.067421794,35.05185
P000384,2019-06-24,701701.8,3.7578245e+06,-6.818964633198758,33.94897184950156,58.69896,4.998552,0.2837228,0.004330561,0.20030335,0.4927122,0.2722691,7117.8125,1637.5106,27.760702,59.280655,3.4438112,870.7861,0.13079268,-0.9914097,0.067421794,34.618393
P000385,2019-06-24,701963.6,3.7578245e+06,-6.816128422921644,33.94897184950156,60.60713,4.7881308,0.30453834,-0.07382026,0.15235637,0.4418842,0.20663498,7027.4644,1386.3337,27.760702,59.280655,3.4438112,870.7861,0.13079268,-0.9914097,0.067421794,32.662663
P000386,2019-06-24,702225.44,3.7578245e+06,-6.81329221264453,33.94897184950156,63.4679,4.5495133,0.46868926,-0.0948443,0.112223364,0.37889165,0.14102459,6943.0557,1138.7826,27.760702,59.280655,3.4438112,870.7861,0.13079268,-0.9914097,0.067421794,31.624376
P000387,2019-06-24,702487.25,3.7578245e+06,-6.810456002367417,33.94897184950156,61.878548,4.2844305,0.50706536,-0.15656964,0.031854652,0.31620356,0.047673475,6864.8047,897.8615,27.760702,59.280655,3.4438112,870.7861,0.13079268,-0.9914097,0.067421794,30.835772
P000388,2019-06-24,702749.06,3.7578245e+06,-6.8076197920903025,33.94897184950156,61.87158,3.9948046,0.67404324,-0.33331597,0.009669596,0.2667093,0.001806919,6792.925,670.753,27.760702,59.280655,3.4438112,870.7861,0.13079268,-0.9914097,0.067421794,28.914175
P000389,2019-06-24,703010.94,3.7578245e+06,-6.804783581813189,33.94897184950156,65.23598,3.6826587,0.70721895,-0.26625997,0.0,0.23985891,0.0,6727.6055,477.54758,27.760702,59.280655,3.4438112,870.7861,0.13079268,-0.9914097,0.067421794,30.316126
P000390,2019-06-24,703272.75,3.7578245e+06,-6.801947371536074,33.94897184950156,65.140854,3.3504052,0.72122335,-0.35753733,0.0,0.23888129,0.0,6669.071,375.08347,27.760702,59.280655,3.4438112,870.7861,0.13079268,-0.9914097,0.067421794,30.77439
P000391,2019-06-24,703534.56,3.7578245e+06,-6.799111161258961,33.94897184950156,64.16046,3.0003822,0.7052451,-0.31706446,0.0019023755,0.25992823,0.0,6617.484,433.29935,27.760702,59.280655,3.4438112,870.7861,0.13079268,-0.9914097,0.067421794,29.337334
P000392,2019-06-24,703796.4,3.7578245e+06,-6.7962749509818465,33.94897184950156,63.29823,2.6351273,0.6634114,-0.29586118,0.0,0.2935499,0.0012196644,6573.0093,607.6461,27.760702,59.280655,3.4438112,870.7861,0.13079268,-0.9914097,0.067421794,29.940224
P000393,2019-06-24,704058.2,3.7578245e+06,-6.793438740704733,33.94897184950156,64.55907,2.2572896,0.59341586,-0.2256994,0.016078502,0.32789633,0.036507573,6535.791,827.7343,27.760702,59.280655,3.4438112,870.7861,0.13079268,-0.9914097,0.067421794,29.941353
P000394,2019-06-24,704320.0,3.7578245e+06,-6.790602530427618,33.94897184950156,65.63292,1.8696092,0.5110333,-0.22848536,0.024568377,0.35259926,0.06580443,6505.954,1065.5886,27.760702,59.280655,3.4438112,870.7861,0.13079268,-0.9914097,0.067421794,30.254833
P000395,2019-06-24,704581.8,3.7578245e+06,-6.787766320150504,33.94897184950156,67.35725,1.4748974,0.43107364,-0.123306654,0.0048384503,0.36200032,0.070836365,6483.6,1311.5789,27.760702,59.280655,3.4438112,870.7861,0.13079268,-0.9914097,0.067421794,30.601719
P000396,2019-06-24,704843.6,3.7578245e+06,-6.7849301098733905,33.94897184950156,65.008835,1.0760165,0.32504165,-0.13230795,0.0731428,0.3566413,0.13154118,6468.807,1561.8655,27.760702,59.280655,3.4438112,870.7861,0.13079268,-0.9914097,0.067421794,31.39037
P000397,2019-06-24,705105.44,3.7578245e+06,-6.782093899596276,33.94897184950156,66.4966,1.1241407,0.24480134,-0.03160888,0.09687671,0.34255618,0.15605432,6461.627,1814.6716,27.760702,59.280655,3.4438112,870.7861,0.13079268,-0.9914097,0.067421794,34.703384
P000398,2019-06-24,705367.25,3.7578245e+06,-6.779257689319163,33.94897184950156,67.816864,1.5226727,0.11885463,-0.027118681,0.13889356,0.32868308,0.19091485,6462.085,2069.074,27.760702,59.280655,3.4438112,870.7861,0.13079268,-0.9914097,0.067421794,35.771973
P000399,2019-06-24,705629.06,3.7578245e+06,-6.776421479042048,33.94897184950156,64.6294,1.916689,0.15974936,-0.041088704,0.11608256,0.32336387,0.18078664,6470.1797,2324.5486,27.760702,59.280655,3.4438112,870.7861,0.13079268,-0.9914097,0.067421794,34.585358
P000400,2019-06-24,705890.94,3.7578245e+06,-6.7735852687649345,33.94897184950156,69.283646,2.303424,0.139679,0.08628461,0.14515036,0.33119702,0.2092552,6485.8867,2580.8381,27.760702,59.280655,3.4438112,870.7861,0.13079268,-0.9914097,0.067421794,35.48446
P000401,2019-06-24,706152.75,3.7578245e+06,-6.77074905848782,33.94897184950156,67.25677,2.679888,0.07749911,0.03960453,0.16148292,0.35132802,0.23125386,6509.1436,2837.6165,27.760702,59.280655,3.4438112,870.7861,0.13079268,-0.9914097,0.067421794,35.837933
P000402,2019-06-24,693585.44,3.7581268e+06,-6.9068871517892925,33.95170786383474,11.715411,3.2321117,0.0835311,0.108023524,0.16271418,0.40830636,0.25680476,518.5071,6244.277,27.760702,59.280655,3.4438112,870.7861,0.13079268,-0.9914097,0.067421794,36.179867
P000403,2019-06-24,693847.25,3.7581268e+06,-6.904050941512179,33.95170786383474,12.769913,2.9063566,0.07250307,0.07956545,0.12918897,0.38582718,0.22546697,777.76056,6020.128,27.760702,59.280655,3.4438112,870.7861,0.13079268,-0.9914097,0.067421794,35.779213
P000404,2019-06-24,694109.06,3.7581268e+06,-6.901214731235065,33.95170786383474,14.936307,2.566052,0.07227717,0.02441003,0.17123398,0.36244,0.24670836,1037.0142,5798.906,27.760702,59.280655,3.4438112,870.7861,0.13079268,-0.9914097,0.067421794,35.98521
P000405,2019-06-24,694370.94,3.7581268e+06,-6.898378520957952,33.95170786383474,15.462725,2.21358,0.07465163,0.05470177,0.15479659,0.34789562,0.23010334,1296.3296,5580.907,27.760702,59.280655,3.4438112,870.7861,0.13079268,-0.9914097,0.067421794,37.163086
P000406,2019-06-24,694632.75,3.7581268e+06,-6.8955423106808365,33.95170786383474,13.123116,1.8516648,0.009237267,0.0662079,0.172188,0.3491198,0.24269126,1555.583,5366.6357,27.760702,59.280655,3.4438112,870.7861,0.13079268,-0.9914097,0.067421794,36.437294
P000407,2019-06-24,694894.56,3.7581268e+06,-6.892706100403723,33.95170786383474,16.218784,1.4828485,0.0025686442,0.12609744,0.21862248,0.36783135,0.28171998,1814.8365,5156.496,27.760702,59.280655,3.4438112,870.7861,0.13079268,-0.9914097,0.067421794,37.485996
P000408,2019-06-24,695156.4,3.7581268e+06,-6.889869890126609,33.95170786383474,18.524824,1.1098055,0.040839054,0.04243962,0.1341689,0.39996994,0.23381138,2074.09,4951.0156,27.760702,59.280655,3.4438112,870.7861,0.13079268,-0.9914097,0.067421794,36.471333
P000409,2019-06-24,695418.2,3.7581268e+06,-6.8870336798494955,33.95170786383474,19.341461,1.064759,0.054902278,0.100912176,0.17386763,0.43706858,0.27452323,2333.3438,4750.798,27.760702,59.280655,3.4438112,870.7861,0.13079268,-0.9914097,0.067421794,36.37056
P000411,2019-06-24,695941.8,3.7581268e+06,-6.881361259295266,33.95170786383474,23.030727,1.8075961,0.048544854,0.1159115,0.17071193,0.48801515,0.28991932,2851.8506,4369.0283,27.760702,59.280655,3.4438112,870.7861,0.13079268,-0.9914097,0.067421794,34.15792
P000412,2019-06-24,696203.6,3.7581268e+06,-6.878525049018153,33.95170786383474,24.117983,2.1704817,0.0337498,0.15575941,0.24617894,0.49020645,0.34332833,3111.1042,4189.1772,27.760702,59.280655,3.4438112,870.7861,0.13079268,-0.9914097,0.067421794,37.15116
P000413,2019-06-24,696465.44,3.7581268e+06,-6.875688838741039,33.95170786383474,24.478447,2.524154,0.061983895,0.13679437,0.31407672,0.47797498,0.38633046,3370.3577,4018.0134,27.760702,59.280655,3.4438112,870.7861,0.13079268,-0.9914097,0.067421794,38.674282
P000415,2019-06-24,696989.06,3.7581268e+06,-6.87001641818681,33.95170786383474,27.047235,3.193685,0.054597866,0.13890256,0.33103046,0.4417805,0.3848397,3888.8647,3706.502,27.760702,59.280655,3.4438112,870.7861,0.13079268,-0.9914097,0.067421794,37.023487
P000416,2019-06-24,697250.94,3.7581268e+06,-6.867180207909697,33.95170786383474,29.620749,3.5047605,0.074927315,0.1459398,0.38018402,0.43644702,0.41694236,4148.18,3568.8137,27.760702,59.280655,3.4438112,870.7861,0.13079268,-0.9914097,0.067421794,38.26654
P000418,2019-06-24,697774.56,3.7581268e+06,-6.861507787355469,33.95170786383474,33.164112,4.067973,,0.20497008,0.37436566,0.47436792,0.42516273,4666.6875,3337.18,27.760702,59.280655,3.4438112,870.7861,0.13079268,-0.9914097,0.067421794,38.430496
P000419,2019-06-24,698036.4,3.7581268e+06,-6.858671577078355,33.95170786383474,35.26485,4.316102,0.014466423,0.24475227,0.44068855,0.5107995,0.4838581,4925.941,3246.3171,27.760702,59.280655,3.4438112,870.7861,0.13079268,-0.9914097,0.067421794,40.23672
P000422,2019-06-24,698821.8,3.7581268e+06,-6.850162946247012,33.95170786383474,38.445164,4.905564,0.027947031,0.17887573,0.4175596,0.58511126,0.49270123,5703.701,3090.395,27.760702,59.280655,3.4438112,870.7861,0.13079268,-0.9914097,0.067421794,39.351837
P000423,2019-06-24,699083.6,3.7581268e+06,-6.847326735969899,33.95170786383474,44.320072,5.0456586,0.008799419,0.21665733,0.39965838,0.5785387,0.47780186,5962.955,3080.5918,27.760702,59.280655,3.4438112,870.7861,0.13079268,-0.9914097,0.067421794,38.004807
P000424,2019-06-24,699345.44,3.7581268e+06,-6.844490525692784,33.95170786383474,43.526974,5.1556897,0.044282787,0.22529976,0.43227327,0.5590226,0.49388474,6222.2085,3092.5676,27.760702,59.280655,3.4438112,870.7861,0.13079268,-0.9914097,0.067421794,37.870335
P000425,2019-06-24,699607.25,3.7581268e+06,-6.841654315415671,33.95170786383474,43.95561,5.2348595,0.025871957,0.18250264,0.46124503,0.5351689,0.50604206,6481.462,3126.0725,27.760702,59.280655,3.4438112,870.7861,0.13079268,-0.9914097,0.067421794,38.350117
P000426,2019-06-24,699869.06,3.7581268e+06,-6.838818105138556,33.95170786383474,49.975327,5.2825937,-0.012285588,0.26148412,0.5105956,0.51676995,0.5344944,6740.7153,3180.4258,27.760702,59.280655,3.4438112,870.7861,0.13079268,-0.9914097,0.067421794,39.14291
P000427,2019-06-24,700130.94,3.7581268e+06,-6.835981894861443,33.95170786383474,50.64062,5.2985463,0.019660251,0.23198389,0.54940146,0.51143324,0.56022537,7000.031,3150.9993,27.760702,59.280655,3.4438112,870.7861,0.13079268,-0.9914097,0.067421794,39.18569
P000428,2019-06-24,700392.75,3.7581268e+06,-6.833145684584329,33.95170786383474,54.02609,5.2825937,0.04829794,0.16251193,0.4388213,0.51938236,0.48468193,7259.2847,2891.838,27.760702,59.280655,3.4438112,870.7861,0.13079268,-0.9914097,0.067421794,37.532825
P000429,2019-06-24,700654.56,3.7581268e+06,-6.8303094743072155,33.95170786383474,55.02199,5.2348595,0.045313768,0.25997725,0.48559588,0.53582245,0.51988757,7326.158,2632.695,27.760702,59.280655,3.4438112,870.7861,0.13079268,-0.9914097,0.067421794,39.475018
P000430,2019-06-24,700916.4,3.7581268e+06,-6.8274732640301,33.95170786383474,57.11383,5.1556897,0.026548414,0.20490499,0.4091798,0.554013,0.46763912,7211.0713,2373.5762,27.760702,59.280655,3.4438112,870.7861,0.13079268,-0.9914097,0.067421794,38.05241
P000431,2019-06-24,701178.2,3.7581268e+06,-6.824637053752987,33.95170786383474,58.730877,5.0456586,0.13773566,0.15700366,0.42271388,0.56310046,0.47281072,7101.075,2114.4902,27.760702,59.280655,3.4438112,870.7861,0.13079268,-0.9914097,0.067421794,35.84309
P000432,2019-06-24,701440.0,3.7581268e+06,-6.821800843475873,33.95170786383474,60.699535,4.905564,0.17595857,0.07214542,0.34711665,0.55371565,0.40638623,6996.4097,1855.4513,27.760702,59.280655,3.4438112,870.7861,0.13079268,-0.9914097,0.067421794,35.180275
P000433,2019-06-24,701701.8,3.7581268e+06,-6.818964633198758,33.95170786383474,63.981976,4.7364216,0.3776247,-0.027215295,0.21823448,0.5212823,0.29180548,6897.3174,1596.4819,27.760702,59.280655,3.4438112,870.7861,0.13079268,-0.9914097,0.067421794,33.439777
P000434,2019-06-24,701963.6,3.7581268e+06,-6.816128422921644,33.95170786383474,63.610554,4.539458,0.38684237,-0.018398754,0.23267397,0.46789023,0.2678785,6804.042,1337.6228,27.760702,59.280655,3.4438112,870.7861,0.13079268,-0.9914097,0.067421794,34.703815
P000435,2019-06-24,702225.44,3.7581268e+06,-6.81329221264453,33.95170786383474,61.553078,4.316102,0.4964986,-0.12157764,0.08918071,0.4020767,0.12777385,6716.826,1078.9529,27.760702,59.280655,3.4438112,870.7861,0.13079268,-0.9914097,0.067421794,31.851608
P000436,2019-06-24,702487.25,3.7581268e+06,-6.810456002367417,33.95170786383474,64.80321,4.067973,0.5777274,-0.22654696,0.0017841717,0.3365283,0.027371185,6635.908,820.6514,27.760702,59.280655,3.4438112,870.7861,0.13079268,-0.9914097,0.067421794,30.731016
P000437,2019-06-24,702749.06,3.7581268e+06,-6.8076197920903025,33.95170786383474,66.28131,3.7968707,0.63501406,-0.31171492,0.0,0.28439623,0.0,6561.521,563.2256,27.760702,59.280655,3.4438112,870.7861,0.13079268,-0.9914097,0.067421794,30.182037
P000438,2019-06-24,703010.94,3.7581268e+06,-6.804783581813189,33.95170786383474,66.84523,3.5046885,,-0.29765436,0.0,0.25538793,0.0,6493.8745,308.81256,27.760702,59.280655,3.4438112,870.7861,0.13079268,-0.9914097,0.067421794,28.903536
P000439,2019-06-24,703272.75,3.7581268e+06,-6.801947371536074,33.95170786383474,65.25104,3.193685,0.79836345,-0.31714094,0.014976165,0.25293237,0.0,6433.2134,89.44895,27.760702,59.280655,3.4438112,870.7861,0.13079268,-0.9914097,0.067421794,28.857578
P000440,2019-06-24,703534.56,3.7581268e+06,-6.799111161258961,33.95170786383474,67.42081,2.866048,0.7551039,-0.31651887,0.0,0.27327526,0.0,6379.72,234.65256,27.760702,59.280655,3.4438112,870.7861,0.13079268,-0.9914097,0.067421794,29.568813
P000441,2019-06-24,703796.4,3.7581268e+06,-6.7962749509818465,33.95170786383474,67.325264,2.524154,0.6443679,-0.2836925,0.01150317,0.30693582,0.0063791443,6333.5757,486.3613,27.760702,59.280655,3.4438112,870.7861,0.13079268,-0.9914097,0.067421794,29.367826
P000442,2019-06-24,704058.2,3.7581268e+06,-6.793438740704733,33.95170786383474,69.447815,2.1704817,0.608637,-0.3377609,0.012667265,0.34191877,0.032346327,6294.942,743.2749,27.760702,59.280655,3.4438112,870.7861,0.13079268,-0.9914097,0.067421794,28.776672
P000443,2019-06-24,704320.0,3.7581268e+06,-6.790602530427618,33.95170786383474,65.598595,1.8075961,0.55997336,-0.18637405,0.046223156,0.36763516,0.08064192,6263.958,1001.3953,27.760702,59.280655,3.4438112,870.7861,0.13079268,-0.9914097,0.067421794,31.812634
P000444,2019-06-24,704581.8,3.7581268e+06,-6.787766320150504,33.95170786383474,66.04312,1.4381288,0.45211253,-0.19584605,0.0,0.37818393,0.068691164,6240.7373,1259.9812,27.760702,59.280655,3.4438112,870.7861,0.13079268,-0.9914097,0.067421794,31.089663
P000445,2019-06-24,704843.6,3.7581268e+06,-6.7849301098733905,33.95170786383474,66.47661,1.064759,0.32307526,-0.16863842,0.0,0.37389344,0.083059184,6225.367,1518.7947,27.760702,59.280655,3.4438112,870.7861,0.13079268,-0.9914097,0.067421794,30.890102
P000446,2019-06-24,705105.44,3.7581268e+06,-6.782093899596276,33.95170786383474,66.50474,1.1098055,0.21283318,-0.04756852,0.13340153,0.36064804,0.18559113,6217.9062,1777.7363,27.760702,59.280655,3.4438112,870.7861,0.13079268,-0.9914097,0.067421794,33.92904
P000447,2019-06-24,705367.25,3.7581268e+06,-6.779257689319163,33.95170786383474,66.34501,1.4828485,0.16150272,0.0022276756,0.117634885,0.3473124,0.18096046,6218.382,2036.7574,27.760702,59.280655,3.4438112,870.7861,0.13079268,-0.9914097,0.067421794,34.84987
P000448,2019-06-24,705629.06,3.7581268e+06,-6.776421479042048,33.95170786383474,64.49799,1.8516648,0.13400766,0.006097515,0.18954015,0.34222305,0.23778892,6226.7935,2295.831,27.760702,59.280655,3.4438112,870.7861,0.13079268,-0.9914097,0.067421794,35.63864
P000449,2019-06-24,705890.94,3.7581268e+06,-6.7735852687649345,33.95170786383474,67.77676,2.2136652,0.09198557,0.07855707,0.17482431,0.3500208,0.2359981,6243.113,2555.003,27.760702,59.280655,3.4438112,870.7861,0.13079268,-0.9914097,0.067421794,35.96002
P000450,2019-06-24,706152.75,3.7581268e+06,-6.77074905848782,33.95170786383474,69.31244,2.566052,0.092143275,0.072672345,0.159632,0.3699175,0.23611008,6267.2705,2814.1394,27.760702,59.280655,3.4438112,870.7861,0.13079268,-0.9914097,0.067421794,34.82809
P000451,2019-06-24,706414.56,3.7581268e+06,-6.767912848210707,33.95170786383474,68.93149,2.9063566,0.06609556,0.0958539,0.17370269,0.39600727,0.25741637,6299.18,3073.2957,27.760702,59.280655,3.4438112,870.7861,0.13079268,-0.9914097,0.067421794,35.66042
P000452,2019-06-24,693323.6,3.7584292e+06,-6.909723362066407,33.95444387816793,12.503962,3.335241,-0.015742965,0.079983436,0.19878854,0.4192659,0.28589296,259.25354,6270.2437,27.760702,59.280655,3.4438112,870.7861,0.13079268,-0.9914097,0.067421794,37.221764
P000453,2019-06-24,693585.44,3.7584292e+06,-6.9068871517892925,33.95444387816793,11.352141,3.0504549,-0.008423043,0.076822996,0.21194291,0.4073588,0.29093125,518.5071,6105.1675,27.760702,59.280655,3.4438112,870.7861,0.13079268,-0.9914097,0.067421794,36.600384
P000455,2019-06-24,694109.06,3.7584292e+06,-6.901214731235065,33.95444387816793,13.969612,2.436277,0.015045313,0.030704131,0.1656805,0.3624362,0.24281192,1037.0142,5648.8394,27.760702,59.280655,3.4438112,870.7861,0.13079268,-0.9914097,0.067421794,35.85266
P000456,2019-06-24,694370.94,3.7584292e+06,-6.898378520957952,33.95444387816793,15.816145,2.1112604,0.02171766,0.10253497,0.20990491,0.34843835,0.26885465,1296.3296,5424.8135,27.760702,59.280655,3.4438112,870.7861,0.13079268,-0.9914097,0.067421794,38.176487
P000457,2019-06-24,694632.75,3.7584292e+06,-6.8955423106808365,33.95444387816793,16.336256,1.7775362,0.08056856,0.07655794,0.15598032,0.350256,0.23171724,1555.583,5204.119,27.760702,59.280655,3.4438112,870.7861,0.13079268,-0.9914097,0.067421794,36.597687
P000459,2019-06-24,695156.4,3.7584292e+06,-6.889869890126609,33.95444387816793,18.459595,1.093463,0.008799568,0.07211318,0.21477775,0.40241033,0.29101312,2074.09,4774.3726,27.760702,59.280655,3.4438112,870.7861,0.13079268,-0.9914097,0.067421794,35.508957
P000460,2019-06-24,695418.2,3.7584292e+06,-6.8870336798494955,33.95444387816793,20.210712,1.0519254,0.021022126,0.14889432,0.24327692,0.44019893,0.32407635,2333.3438,4566.4165,27.760702,59.280655,3.4438112,870.7861,0.13079268,-0.9914097,0.067421794,37.15938
P000462,2019-06-24,695941.8,3.7584292e+06,-6.881361259295266,33.95444387816793,21.797438,1.7369001,0.024028972,0.10643337,0.21228406,0.49252126,0.3202834,2851.8506,4167.791,27.760702,59.280655,3.4438112,870.7861,0.13079268,-0.9914097,0.067421794,36.795418
P000463,2019-06-24,696203.6,3.7584292e+06,-6.878525049018153,33.95444387816793,23.948437,2.0715191,0.06308057,0.12521222,0.2139936,0.4953577,0.3221372,3111.1042,3978.8545,27.760702,59.280655,3.4438112,870.7861,0.13079268,-0.9914097,0.067421794,36.17715
P000464,2019-06-24,696465.44,3.7584292e+06,-6.875688838741039,33.95444387816793,27.510271,2.3976426,0.06356402,0.13005999,0.26630706,0.48371482,0.35423622,3370.3577,3798.2244,27.760702,59.280655,3.4438112,870.7861,0.13079268,-0.9914097,0.067421794,36.9076
P000466,2019-06-24,696989.06,3.7584292e+06,-6.87001641818681,33.95444387816793,28.243568,3.0150216,-0.0021527396,0.17424539,0.33267555,0.44846502,0.38710332,3888.8647,3467.0208,27.760702,59.280655,3.4438112,870.7861,0.13079268,-0.9914097,0.067421794,37.34957
P000467,2019-06-24,697250.94,3.7584292e+06,-6.867180207909697,33.95444387816793,30.81255,3.3018663,-0.0017111801,0.1508627,0.42900094,0.4434773,0.45198986,4148.18,3319.414,27.760702,59.280655,3.4438112,870.7861,0.13079268,-0.9914097,0.067421794,38.720165
P000469,2019-06-24,697774.56,3.7584292e+06,-6.861507787355469,33.95444387816793,32.695984,3.821208,0.058988266,0.18987456,0.36240974,0.48190022,0.41704625,4666.6875,3069.014,27.760702,59.280655,3.4438112,870.7861,0.13079268,-0.9914097,0.067421794,38.390606
P000470,2019-06-24,698036.4,3.7584292e+06,-6.858671577078355,33.95444387816793,31.648495,4.0500093,-0.015195442,0.2412335,0.42480597,0.5185508,0.47267663,4925.941,2969.9583,27.760702,59.280655,3.4438112,870.7861,0.13079268,-0.9914097,0.067421794,39.093246
P000471,2019-06-24,698298.2,3.7584292e+06,-6.855835366801242,33.95444387816793,37.049088,4.255967,0.02486138,0.21762314,0.4143653,0.55533445,0.47746626,5185.1943,2890.8274,27.760702,59.280655,3.4438112,870.7861,0.13079268,-0.9914097,0.067421794,39.32059
P000472,2019-06-24,698560.0,3.7584292e+06,-6.852999156524127,33.95444387816793,35.777023,4.437588,0.061697897,0.20323889,0.43407992,0.5826237,0.500208,5444.4478,2833.291,27.760702,59.280655,3.4438112,870.7861,0.13079268,-0.9914097,0.067421794,38.041054
P000473,2019-06-24,698821.8,3.7584292e+06,-6.850162946247012,33.95444387816793,42.298977,4.5935555,0.018065812,0.18817541,0.46536246,0.5938859,0.5256618,5703.701,2798.6814,27.760702,59.280655,3.4438112,870.7861,0.13079268,-0.9914097,0.067421794,39.167698
P000475,2019-06-24,699345.44,3.7584292e+06,-6.844490525692784,33.95444387816793,46.118412,4.8241982,0.106940895,0.23490104,0.47450507,0.5690679,0.5234025,6222.2085,2801.0806,27.760702,59.280655,3.4438112,870.7861,0.13079268,-0.9914097,0.067421794,39.58124
P000476,2019-06-24,699607.25,3.7584292e+06,-6.841654315415671,33.95444387816793,46.084805,4.8972015,0.03925028,0.2633257,0.5358119,0.5460209,0.5586611,6481.462,2838.0286,27.760702,59.280655,3.4438112,870.7861,0.13079268,-0.9914097,0.067421794,41.468914
P000477,2019-06-24,699869.06,3.7584292e+06,-6.838818105138556,33.95444387816793,47.555817,4.9412174,0.031630773,0.22102703,0.46932268,0.5284944,0.50661355,6740.7153,2897.7898,27.760702,59.280655,3.4438112,870.7861,0.13079268,-0.9914097,0.067421794,38.673656
P000478,2019-06-24,700130.94,3.7584292e+06,-6.835981894861443,33.95444387816793,51.955956,4.9559274,0.03114843,0.27876312,0.5183446,0.52404106,0.5401596,7000.031,2979.0132,27.760702,59.280655,3.4438112,870.7861,0.13079268,-0.9914097,0.067421794,40.147762
P000479,2019-06-24,700392.75,3.7584292e+06,-6.833145684584329,33.95444387816793,53.765705,4.9412174,0.019859692,0.27200732,0.6155923,0.5353984,0.6130888,7243.656,2898.492,27.760702,59.280655,3.4438112,870.7861,0.13079268,-0.9914097,0.067421794,38.888855
P000480,2019-06-24,700654.56,3.7584292e+06,-6.8303094743072155,33.95444387816793,55.284958,4.8972015,0.0136019,0.20385309,0.5222016,0.553827,0.5519697,7120.305,2640.0022,27.760702,59.280655,3.4438112,870.7861,0.13079268,-0.9914097,0.067421794,40.49583
P000481,2019-06-24,700916.4,3.7584292e+06,-6.8274732640301,33.95444387816793,57.918724,4.8241982,0.09599706,0.22747463,0.5386251,0.5720661,0.564832,7001.836,2381.6785,27.760702,59.280655,3.4438112,870.7861,0.13079268,-0.9914097,0.067421794,39.920128
P000482,2019-06-24,701178.2,3.7584292e+06,-6.824637053752987,33.95444387816793,62.92476,4.722738,0.13569139,0.22518219,0.45249423,0.5811674,0.5003977,6888.499,2123.5813,27.760702,59.280655,3.4438112,870.7861,0.13079268,-0.9914097,0.067421794,38.723022
P000483,2019-06-24,701440.0,3.7584292e+06,-6.821800843475873,33.95444387816793,62.212055,4.5935555,0.18452446,0.1331381,0.4156091,0.5717809,0.46128255,6780.553,1865.8049,27.760702,59.280655,3.4438112,870.7861,0.13079268,-0.9914097,0.067421794,38.84814
P000484,2019-06-24,701701.8,3.7584292e+06,-6.818964633198758,33.95444387816793,63.879,4.437588,0.2686352,0.09502215,0.3243673,0.5393392,0.3733163,6678.259,1608.5034,27.760702,59.280655,3.4438112,870.7861,0.13079268,-0.9914097,0.067421794,36.09007
P000485,2019-06-24,701963.6,3.7584292e+06,-6.816128422921644,33.95444387816793,64.83315,4.255967,0.3546685,-0.041661717,0.23876597,0.48592332,0.27966988,6581.88,1351.9479,27.760702,59.280655,3.4438112,870.7861,0.13079268,-0.9914097,0.067421794,34.439537
P000486,2019-06-24,702225.44,3.7584292e+06,-6.81329221264453,33.95444387816793,66.58635,4.0500093,0.49979472,-0.10811843,0.12808935,0.42004073,0.16285664,6491.6797,1096.6622,27.760702,59.280655,3.4438112,870.7861,0.13079268,-0.9914097,0.067421794,33.602837
P000487,2019-06-24,702487.25,3.7584292e+06,-6.810456002367417,33.95444387816793,65.3695,3.821208,0.58536965,-0.19767494,0.080836795,0.35432816,0.09083412,6407.919,843.7994,27.760702,59.280655,3.4438112,870.7861,0.13079268,-0.9914097,0.067421794,29.00931
P000488,2019-06-24,702749.06,3.7584292e+06,-6.8076197920903025,33.95444387816793,63.72871,3.5712228,0.69999856,-0.32743368,0.0,0.30187508,0.002193676,6330.854,596.4492,27.760702,59.280655,3.4438112,870.7861,0.13079268,-0.9914097,0.067421794,28.778444
P000489,2019-06-24,703010.94,3.7584292e+06,-6.804783581813189,33.95444387816793,66.39656,3.3017998,0.70949167,-0.31723824,0.023295483,0.27232912,0.0,6260.7153,365.91504,27.760702,59.280655,3.4438112,870.7861,0.13079268,-0.9914097,0.067421794,28.591513
P000490,2019-06-24,703272.75,3.7584292e+06,-6.801947371536074,33.95444387816793,67.883736,3.0150216,0.6749872,-0.36607197,0.037985045,0.26907775,0.0037326622,6197.773,215.70752,27.760702,59.280655,3.4438112,870.7861,0.13079268,-0.9914097,0.067421794,30.705196
P000491,2019-06-24,703534.56,3.7584292e+06,-6.799111161258961,33.95444387816793,65.9221,2.7129054,0.7464571,-0.29548374,0.0128286,0.28835592,0.0,6142.229,305.92554,27.760702,59.280655,3.4438112,870.7861,0.13079268,-0.9914097,0.067421794,28.795534
P000492,2019-06-24,703796.4,3.7584292e+06,-6.7962749509818465,33.95444387816793,66.97292,2.3976426,0.6561958,-0.30825564,0.0,0.32070923,0.005404498,6094.2866,524.4768,27.760702,59.280655,3.4438112,870.7861,0.13079268,-0.9914097,0.067421794,29.764927
P000493,2019-06-24,704058.2,3.7584292e+06,-6.793438740704733,33.95444387816793,66.40908,2.0715191,0.5540602,-0.2665255,0.015888795,0.354202,0.04089038,6054.1265,768.7563,27.760702,59.280655,3.4438112,870.7861,0.13079268,-0.9914097,0.067421794,30.620667
P000494,2019-06-24,704320.0,3.7584292e+06,-6.790602530427618,33.95444387816793,69.08423,1.7369001,0.5626417,-0.22932254,0.0,0.37832624,0.053690474,6021.9033,1020.4515,27.760702,59.280655,3.4438112,870.7861,0.13079268,-0.9914097,0.067421794,28.44913
P000495,2019-06-24,704581.8,3.7584292e+06,-6.787766320150504,33.95444387816793,68.24079,1.396212,0.50539213,-0.15824246,0.059146553,0.387267,0.11458998,5997.7456,1275.1788,27.760702,59.280655,3.4438112,870.7861,0.13079268,-0.9914097,0.067421794,31.725124
P000496,2019-06-24,704843.6,3.7584292e+06,-6.7849301098733905,33.95444387816793,68.22512,1.0519254,0.38998434,-0.10238642,0.012557849,0.38142854,0.09547584,5981.7515,1531.426,27.760702,59.280655,3.4438112,870.7861,0.13079268,-0.9914097,0.067421794,33.10158
P000497,2019-06-24,705105.44,3.7584292e+06,-6.782093899596276,33.95444387816793,68.35351,1.093463,0.25935286,-0.036856003,0.10648299,0.36675036,0.16958764,5973.986,1788.5399,27.760702,59.280655,3.4438112,870.7861,0.13079268,-0.9914097,0.067421794,34.074226
P000498,2019-06-24,705367.25,3.7584292e+06,-6.779257689319163,33.95444387816793,67.80487,1.4374483,0.19130638,-0.02968079,0.07878542,0.35212776,0.15592583,5974.4814,2046.1938,27.760702,59.280655,3.4438112,870.7861,0.13079268,-0.9914097,0.067421794,33.590218
P000499,2019-06-24,705629.06,3.7584292e+06,-6.776421479042048,33.95444387816793,68.41632,1.7775362,0.15623072,-0.03095278,0.11480459,0.3459059,0.18706644,5983.2354,2304.2065,27.760702,59.280655,3.4438112,870.7861,0.13079268,-0.9914097,0.067421794,34.241478
P000500,2019-06-24,705890.94,3.7584292e+06,-6.7735852687649345,33.95444387816793,67.17971,2.111339,0.10729068,0.07028095,0.22344117,0.3527179,0.27115768,6000.2173,2562.5315,27.760702,59.280655,3.4438112,870.7861,0.13079268,-0.9914097,0.067421794,36.267345
P000501,2019-06-24,706152.75,3.7584292e+06,-6.77074905848782,33.95444387816793,66.494606,2.436277,0.04182967,,0.20784546,0.37175977,0.2706099,6025.349,2820.9766,27.760702,59.280655,3.4438112,870.7861,0.13079268,-0.9914097,0.067421794,36.726196
P000502,2019-06-24,706414.56,3.7584292e+06,-6.767912848210707,33.95444387816793,69.90602,2.7500741,0.0752359,0.10153399,0.14685597,0.39710644,0.23906584,6058.5327,3079.5574,27.760702,59.280655,3.4438112,870.7861,0.13079268,-0.9914097,0.067421794,36.037205
P000503,2019-06-24,706676.4,3.7584292e+06,-6.765076637933593,33.95444387816793,70.8081,3.0504549,0.070697635,0.06975611,0.11185766,0.41988245,0.22385554,6099.6367,3338.2427,27.760702,59.280655,3.4438112,870.7861,0.13079268,-0.9914097,0.067421794,35.855217
P000504,2019-06-24,693323.6,3.7587318e+06,-6.909723362066407,33.95717989250112,11.737583,3.1063573,0.06524161,0.030943843,0.031089442,0.40191603,0.16242965,259.25354,6021.5347,27.760702,59.280655,3.4438112,870.7861,0.13079268,-0.9914097,0.067421794,34.890118
P000505,2019-06-24,693585.44,3.7587318e+06,-6.9068871517892925,33.95717989250112,13.327103,2.848338,0.045216545,0.088730805,0.12531802,0.39039418,0.22435313,518.5071,5886.0635,27.760702,59.280655,3.4438112,870.7861,0.13079268,-0.9914097,0.067421794,35.5883
P000506,2019-06-24,693847.25,3.7587318e+06,-6.904050941512179,33.95717989250112,14.483861,2.5761893,0.010497198,0.07755071,0.23973055,0.36879346,0.29687408,777.76056,5742.603,27.760702,59.280655,3.4438112,870.7861,0.13079268,-0.9914097,0.067421794,37.47051
P000507,2019-06-24,694109.06,3.7587318e+06,-6.901214731235065,33.95717989250112,12.565317,2.2918854,0.09017769,0.07882997,0.18214415,0.346381,0.248705,1037.0142,5510.25,27.760702,59.280655,3.4438112,870.7861,0.13079268,-0.9914097,0.067421794,35.428577
P000508,2019-06-24,694370.94,3.7587318e+06,-6.898378520957952,33.95717989250112,14.510168,1.9974163,0.13300781,0.041387044,0.16050543,0.33290586,0.22881575,1296.3296,5280.348,27.760702,59.280655,3.4438112,870.7861,0.13079268,-0.9914097,0.067421794,35.109886
P000509,2019-06-24,694632.75,3.7587318e+06,-6.8955423106808365,33.95717989250112,16.687973,1.6950582,0.03096361,0.087361425,0.21078408,0.33528608,0.26479876,1555.583,5053.348,27.760702,59.280655,3.4438112,870.7861,0.13079268,-0.9914097,0.067421794,36.90377
P000510,2019-06-24,694894.56,3.7587318e+06,-6.892706100403723,33.95717989250112,20.340717,1.3869345,0.09871897,0.081289746,0.15549631,0.3552272,0.23300077,1814.8365,4829.5967,27.760702,59.280655,3.4438112,870.7861,0.13079268,-0.9914097,0.067421794,35.488773
P000511,2019-06-24,695156.4,3.7587318e+06,-6.889869890126609,33.95717989250112,20.28556,1.0752797,0.0314685,0.08713013,0.21646485,0.38864732,0.2872527,2074.09,4609.567,27.760702,59.280655,3.4438112,870.7861,0.13079268,-0.9914097,0.067421794,35.325798
P000512,2019-06-24,695418.2,3.7587318e+06,-6.8870336798494955,33.95717989250112,21.080786,1.0376462,0.09162084,0.12053452,0.24806954,0.42704892,0.3226246,2333.3438,4393.8174,27.760702,59.280655,3.4438112,870.7861,0.13079268,-0.9914097,0.067421794,36.188343
P000513,2019-06-24,695680.0,3.7587318e+06,-6.884197469572381,33.95717989250112,20.527208,1.349574,0.065492034,0.09712969,0.2600696,0.46039408,0.34240758,2592.5972,4183.011,27.760702,59.280655,3.4438112,870.7861,0.13079268,-0.9914097,0.067421794,38.332787
P000514,2019-06-24,695941.8,3.7587318e+06,-6.881361259295266,33.95717989250112,21.221697,1.6582415,0.105529875,0.2131192,0.30978814,0.48049927,0.38383248,2851.8506,3977.9336,27.760702,59.280655,3.4438112,870.7861,0.13079268,-0.9914097,0.067421794,37.11497
P000515,2019-06-24,696203.6,3.7587318e+06,-6.878525049018153,33.95717989250112,24.559118,1.9614104,-0.011385191,0.13260318,0.3134456,0.48379257,0.38697118,3111.1042,3779.518,27.760702,59.280655,3.4438112,870.7861,0.13079268,-0.9914097,0.067421794,37.592953
P000516,2019-06-24,696465.44,3.7587318e+06,-6.875688838741039,33.95717989250112,23.673279,2.2568822,0.03659667,0.19824684,0.34399208,0.47249633,0.403638,3370.3577,3588.8691,27.760702,59.280655,3.4438112,870.7861,0.13079268,-0.9914097,0.067421794,36.99838
P000517,2019-06-24,696727.25,3.7587318e+06,-6.872852628463925,33.95717989250112,26.149818,2.542514,0.06593476,0.10862582,0.31538188,0.4538335,0.37611043,3629.6113,3407.2908,27.760702,59.280655,3.4438112,870.7861,0.13079268,-0.9914097,0.067421794,37.731247
P000518,2019-06-24,696989.06,3.7587318e+06,-6.87001641818681,33.95717989250112,27.810038,2.8162348,0.045241013,0.13437268,0.38919002,0.43753156,0.42089447,3888.8647,3236.3105,27.760702,59.280655,3.4438112,870.7861,0.13079268,-0.9914097,0.067421794,38.215637
P000519,2019-06-24,697250.94,3.7587318e+06,-6.867180207909697,33.95717989250112,31.450922,3.0761194,0.08848586,0.15435317,0.43233564,0.43247843,0.44796675,4148.18,3077.6584,27.760702,59.280655,3.4438112,870.7861,0.13079268,-0.9914097,0.067421794,38.582695
P000520,2019-06-24,697512.75,3.7587318e+06,-6.864343997632583,33.95717989250112,30.793087,3.3201597,0.05455979,0.16370438,0.3581309,0.44367188,0.39844698,4407.4336,2933.4175,27.760702,59.280655,3.4438112,870.7861,0.13079268,-0.9914097,0.067421794,38.64505
P000521,2019-06-24,697774.56,3.7587318e+06,-6.861507787355469,33.95717989250112,30.065838,3.5466495,0.07022952,0.14624132,0.37705585,0.47049254,0.41953436,4666.6875,2805.7654,27.760702,59.280655,3.4438112,870.7861,0.13079268,-0.9914097,0.067421794,38.34517
P000523,2019-06-24,698298.2,3.7587318e+06,-6.855835366801242,33.95717989250112,36.001495,3.9405465,0.09831347,0.17358384,0.43204007,0.5435529,0.48077,5185.1943,2609.6658,27.760702,59.280655,3.4438112,870.7861,0.13079268,-0.9914097,0.067421794,38.84534
P000524,2019-06-24,698560.0,3.7587318e+06,-6.852999156524127,33.95717989250112,38.96248,4.1050973,0.017802821,0.24594103,0.50287944,0.5708547,0.5388701,5444.4478,2545.783,27.760702,59.280655,3.4438112,870.7861,0.13079268,-0.9914097,0.067421794,38.661068
P000525,2019-06-24,698821.8,3.7587318e+06,-6.850162946247012,33.95717989250112,40.967346,4.2464056,0.10616242,0.22430113,0.45328474,0.5823501,0.5075172,5703.701,2507.2078,27.760702,59.280655,3.4438112,870.7861,0.13079268,-0.9914097,0.067421794,37.880295
P000526,2019-06-24,699083.6,3.7587318e+06,-6.847326735969899,33.95717989250112,42.978634,4.363446,0.11995808,0.24640444,0.5347596,0.5768397,0.5624094,5962.955,2495.1143,27.760702,59.280655,3.4438112,870.7861,0.13079268,-0.9914097,0.067421794,38.538803
P000527,2019-06-24,699345.44,3.7587318e+06,-6.844490525692784,33.95717989250112,46.547802,4.455371,0.044854436,0.21125467,0.5033654,0.55877876,0.53437024,6222.2085,2509.8855,27.760702,59.280655,3.4438112,870.7861,0.13079268,-0.9914097,0.067421794,39.122417
P000528,2019-06-24,699607.25,3.7587318e+06,-6.841654315415671,33.95717989250112,46.084538,4.521512,0.039372414,0.2496244,0.5222599,0.53672147,0.5405782,6481.462,2551.0544,27.760702,59.280655,3.4438112,870.7861,0.13079268,-0.9914097,0.067421794,40.367744
P000529,2019-06-24,699869.06,3.7587318e+06,-6.838818105138556,33.95717989250112,49.63129,4.5613914,0.040071167,0.23384102,0.58147556,0.5203585,0.5773785,6740.7153,2617.3762,27.760702,59.280655,3.4438112,870.7861,0.13079268,-0.9914097,0.067421794,39.541454
P000530,2019-06-24,700130.94,3.7587318e+06,-6.835981894861443,33.95717989250112,53.37112,4.5747185,0.06650059,0.19365224,0.5259725,0.5171602,0.5387575,7000.031,2707.0264,27.760702,59.280655,3.4438112,870.7861,0.13079268,-0.9914097,0.067421794,38.780846
P000531,2019-06-24,700392.75,3.7587318e+06,-6.833145684584329,33.95717989250112,54.046482,4.5613914,0.04781469,0.20290802,0.51542854,0.5297701,0.53729695,7043.8433,2817.739,27.760702,59.280655,3.4438112,870.7861,0.13079268,-0.9914097,0.067421794,38.32773
P000532,2019-06-24,700654.56,3.7587318e+06,-6.8303094743072155,33.95717989250112,54.985214,4.521512,0.053898513,0.26119617,0.5396476,0.55504036,0.56464124,6916.93,2679.4656,27.760702,59.280655,3.4438112,870.7861,0.13079268,-0.9914097,0.067421794,37.956852
P000533,2019-06-24,700916.4,3.7587318e+06,-6.8274732640301,33.95717989250112,59.715256,4.455371,-0.009222003,0.25909418,0.5511322,0.57552713,0.5761362,6794.9155,2425.3486,27.760702,59.280655,3.4438112,870.7861,0.13079268,-0.9914097,0.067421794,39.694138
P000534,2019-06-24,701178.2,3.7587318e+06,-6.824637053752987,33.95717989250112,62.091534,4.363446,0.02718287,0.2160204,0.44466642,0.5858127,0.49867082,6678.0684,2172.446,27.760702,59.280655,3.4438112,870.7861,0.13079268,-0.9914097,0.067421794,39.024605
P000535,2019-06-24,701440.0,3.7587318e+06,-6.821800843475873,33.95717989250112,62.328312,4.2464056,0.14229815,0.13203521,0.4722567,0.57802397,0.50632524,6566.664,1921.2372,27.760702,59.280655,3.4438112,870.7861,0.13079268,-0.9914097,0.067421794,37.61393
P000536,2019-06-24,701701.8,3.7587318e+06,-6.818964633198758,33.95717989250112,61.4563,4.1050973,0.22896802,0.11366907,0.36783186,0.5476099,0.41121218,6460.9844,1672.4855,27.760702,59.280655,3.4438112,870.7861,0.13079268,-0.9914097,0.067421794,36.476276
P000537,2019-06-24,701963.6,3.7587318e+06,-6.816128422921644,33.95717989250112,65.86095,3.9405465,0.33848107,0.046969343,0.3518856,0.49657235,0.3687746,6361.314,1427.476,27.760702,59.280655,3.4438112,870.7861,0.13079268,-0.9914097,0.067421794,37.001472
P000538,2019-06-24,702225.44,3.7587318e+06,-6.81329221264453,33.95717989250112,64.001595,3.753946,0.4640718,-0.12519525,0.1456776,0.4332239,0.18772888,6267.9404,1188.5253,27.760702,59.280655,3.4438112,870.7861,0.13079268,-0.9914097,0.067421794,32.842907
P000539,2019-06-24,702487.25,3.7587318e+06,-6.810456002367417,33.95717989250112,67.125626,3.5466495,0.52524596,-0.15832469,0.11917713,0.36989978,0.13278534,6181.149,960.16754,27.760702,59.280655,3.4438112,870.7861,0.13079268,-0.9914097,0.067421794,31.009132
P000540,2019-06-24,702749.06,3.7587318e+06,-6.8076197920903025,33.95717989250112,66.24885,3.3201597,0.589363,-0.26184553,0.01246603,0.31932348,0.028164059,6101.22,752.1143,27.760702,59.280655,3.4438112,870.7861,0.13079268,-0.9914097,0.067421794,28.75384
P000541,2019-06-24,703010.94,3.7587318e+06,-6.804783581813189,33.95717989250112,66.30069,3.0760593,0.7239471,-0.25914833,0.0,0.29078415,0.00091268704,6028.4106,586.36005,27.760702,59.280655,3.4438112,870.7861,0.13079268,-0.9914097,0.067421794,31.262207
P000542,2019-06-24,703272.75,3.7587318e+06,-6.801947371536074,33.95717989250112,67.38947,2.8162348,0.6508944,-0.28956708,0.008668306,0.28740045,0.002222029,5963.016,506.4129,27.760702,59.280655,3.4438112,870.7861,0.13079268,-0.9914097,0.067421794,30.101103
P000543,2019-06-24,703534.56,3.7587318e+06,-6.799111161258961,33.95717989250112,67.808846,2.542514,0.66114634,-0.28897446,0.0,0.30529803,0.004359136,5905.265,550.9217,27.760702,59.280655,3.4438112,870.7861,0.13079268,-0.9914097,0.067421794,28.101984
P000544,2019-06-24,703796.4,3.7587318e+06,-6.7962749509818465,33.95717989250112,67.281944,2.2568822,0.661672,-0.26187292,0.0,0.33510217,0.02194322,5855.383,696.41956,27.760702,59.280655,3.4438112,870.7861,0.13079268,-0.9914097,0.067421794,29.30344
P000545,2019-06-24,704058.2,3.7587318e+06,-6.793438740704733,33.95717989250112,68.74052,1.9614104,0.51411915,-0.1792469,0.0,0.3651292,0.04373317,5813.5723,894.93604,27.760702,59.280655,3.4438112,870.7861,0.13079268,-0.9914097,0.067421794,32.03166
P000546,2019-06-24,704320.0,3.7587318e+06,-6.790602530427618,33.95717989250112,67.46497,1.6582415,0.45874903,-0.15374024,0.044744756,0.38523537,0.095904216,5780.0083,1118.591,27.760702,59.280655,3.4438112,870.7861,0.13079268,-0.9914097,0.067421794,31.391361
P000547,2019-06-24,704581.8,3.7587318e+06,-6.787766320150504,33.95717989250112,69.16092,1.349574,0.4159213,-0.12921238,0.045894854,0.39000073,0.11298291,5754.8354,1354.9928,27.760702,59.280655,3.4438112,870.7861,0.13079268,-0.9914097,0.067421794,32.08857
P000548,2019-06-24,704843.6,3.7587318e+06,-6.7849301098733905,33.95717989250112,68.35162,1.0376462,0.25469702,-0.047562312,0.1465407,0.38017708,0.1938652,5738.164,1598.4962,27.760702,59.280655,3.4438112,870.7861,0.13079268,-0.9914097,0.067421794,34.45598
P000549,2019-06-24,705105.44,3.7587318e+06,-6.782093899596276,33.95717989250112,67.27348,1.0752797,0.20710868,-0.007893748,0.17790368,0.3619514,0.22148849,5730.0684,1846.2935,27.760702,59.280655,3.4438112,870.7861,0.13079268,-0.9914097,0.067421794,35.79164
P000550,2019-06-24,705367.25,3.7587318e+06,-6.779257689319163,33.95717989250112,67.250786,1.3869345,0.16843817,0.033331234,0.19107929,0.34434742,0.23422706,5730.585,2096.8628,27.760702,59.280655,3.4438112,870.7861,0.13079268,-0.9914097,0.067421794,33.016777
P000551,2019-06-24,705629.06,3.7587318e+06,-6.776421479042048,33.95717989250112,66.586044,1.6950582,0.061771076,0.029189477,0.20980133,0.33573166,0.25154936,5739.711,2349.3174,27.760702,59.280655,3.4438112,870.7861,0.13079268,-0.9914097,0.067421794,36.709835
P000552,2019-06-24,705890.94,3.7587318e+06,-6.7735852687649345,33.95717989250112,69.284454,1.9974877,0.079064354,0.055950932,0.20460157,0.34068257,0.25469437,5757.411,2603.1697,27.760702,59.280655,3.4438112,870.7861,0.13079268,-0.9914097,0.067421794,35.549526
P000553,2019-06-24,706152.75,3.7587318e+06,-6.77074905848782,33.95717989250112,68.98282,2.2918854,0.06704903,0.15395708,0.26265892,0.3583031,0.30480745,5783.598,2857.9421,27.760702,59.280655,3.4438112,870.7861,0.13079268,-0.9914097,0.067421794,35.962456
P000554,2019-06-24,706414.56,3.7587318e+06,-6.767912848210707,33.95717989250112,67.13192,2.5761893,0.04830445,0.048279256,0.18113002,0.3825648,0.25826097,5818.1606,3113.4543,27.760702,59.280655,3.4438112,870.7861,0.13079268,-0.9914097,0.067421794,36.161674
P000555,2019-06-24,706676.4,3.7587318e+06,-6.765076637933593,33.95717989250112,69.99766,2.848338,0.07589714,0.076958545,0.16367334,0.40450045,0.25489393,5860.9507,3369.5383,27.760702,59.280655,3.4438112,870.7861,0.13079268,-0.9914097,0.067421794,35.396614
P000556,2019-06-24,693061.8,3.7590342e+06,-6.91255957234352,33.9599159068343,8.240623,3.071092,0.03658766,0.050607573,0.10358128,0.37278846,0.20298019,0.0,5926.2773,27.760702,59.280655,3.4438112,870.7861,0.13079268,-0.9914097,0.067421794,36.087498
P000557,2019-06-24,693323.6,3.7590342e+06,-6.909723362066407,33.9599159068343,12.3656025,2.8564816,0.04488368,0.04380786,0.102822766,0.37729684,0.20402408,259.25354,5776.954,27.760702,59.280655,3.4438112,870.7861,0.13079268,-0.9914097,0.067421794,37.21366
P000558,2019-06-24,693585.44,3.7590342e+06,-6.9068871517892925,33.9599159068343,9.586796,2.6276834,0.07666364,0.096100084,0.10559011,0.3661377,0.20204927,518.5071,5635.607,27.760702,59.280655,3.4438112,870.7861,0.13079268,-0.9914097,0.067421794,35.07088
P000559,2019-06-24,693847.25,3.7590342e+06,-6.904050941512179,33.9599159068343,11.059329,2.3863564,0.04066272,0.065123364,0.12949626,0.34494185,0.21135283,777.76056,5502.849,27.760702,59.280655,3.4438112,870.7861,0.13079268,-0.9914097,0.067421794,35.093975
P000560,2019-06-24,694109.06,3.7590342e+06,-6.901214731235065,33.9599159068343,15.284662,2.1342506,0.080944665,0.08720346,0.17089534,0.3229755,0.232621,1037.0142,5379.318,27.760702,59.280655,3.4438112,870.7861,0.13079268,-0.9914097,0.067421794,35.67709
P000561,2019-06-24,694370.94,3.7590342e+06,-6.898378520957952,33.9599159068343,16.751715,1.873131,0.034199532,0.084691726,0.1991605,0.30998412,0.24781798,1296.3296,5148.4897,27.760702,59.280655,3.4438112,870.7861,0.13079268,-0.9914097,0.067421794,36.44674
P000562,2019-06-24,694632.75,3.7590342e+06,-6.8955423106808365,33.9599159068343,15.409667,1.6050158,-0.005205674,0.06902959,0.20463586,0.31287807,0.25259086,1555.583,4915.404,27.760702,59.280655,3.4438112,870.7861,0.13079268,-0.9914097,0.067421794,36.89936
P000563,2019-06-24,694894.56,3.7590342e+06,-6.892706100403723,33.9599159068343,16.737907,1.331788,0.01430591,0.044036813,0.19266033,0.33335042,0.25125086,1814.8365,4685.069,27.760702,59.280655,3.4438112,870.7861,0.13079268,-0.9914097,0.067421794,36.956554
P000564,2019-06-24,695156.4,3.7590342e+06,-6.889869890126609,33.9599159068343,19.445524,1.0554289,0.017927546,0.14084975,0.26865423,0.36730036,0.31613067,2074.09,4457.911,27.760702,59.280655,3.4438112,870.7861,0.13079268,-0.9914097,0.067421794,37.085636
P000565,2019-06-24,695418.2,3.7590342e+06,-6.8870336798494955,33.9599159068343,17.14515,1.0220574,0.08303986,0.14832218,0.28159994,0.4062043,0.33849967,2333.3438,4234.442,27.760702,59.280655,3.4438112,870.7861,0.13079268,-0.9914097,0.067421794,37.11141
P000566,2019-06-24,695680.0,3.7590342e+06,-6.884197469572381,33.9599159068343,18.964043,1.2986585,0.033522278,0.15960132,0.26930648,0.43999127,0.34125564,2592.5972,4015.277,27.760702,59.280655,3.4438112,870.7861,0.13079268,-0.9914097,0.067421794,36.328384
P000567,2019-06-24,695941.8,3.7590342e+06,-6.881361259295266,33.9599159068343,22.155853,1.5723686,0.011738817,0.13859686,0.27147445,0.46043864,0.34926096,2851.8506,3801.161,27.760702,59.280655,3.4438112,870.7861,0.13079268,-0.9914097,0.067421794,38.290756
P000568,2019-06-24,696203.6,3.7590342e+06,-6.878525049018153,33.9599159068343,25.691633,1.8412029,0.04246246,0.15236573,0.33282658,0.46393314,0.39250493,3111.1042,3592.9966,27.760702,59.280655,3.4438112,870.7861,0.13079268,-0.9914097,0.067421794,38.53281
P000569,2019-06-24,696465.44,3.7590342e+06,-6.875688838741039,33.9599159068343,24.700933,2.1032116,0.028518895,0.17268977,0.33899385,0.4526584,0.39164746,3370.3577,3391.88,27.760702,59.280655,3.4438112,870.7861,0.13079268,-0.9914097,0.067421794,38.006107
P000570,2019-06-24,696727.25,3.7590342e+06,-6.872852628463925,33.9599159068343,26.799885,2.356495,0.01699171,0.15527645,0.29963645,0.43380874,0.35593882,3629.6113,3199.1404,27.760702,59.280655,3.4438112,870.7861,0.13079268,-0.9914097,0.067421794,35.973415
P000571,2019-06-24,696989.06,3.7590342e+06,-6.87001641818681,33.9599159068343,29.567335,2.599216,0.03463943,0.122944176,0.36471063,0.41710135,0.39374748,3888.8647,3016.3843,27.760702,59.280655,3.4438112,870.7861,0.13079268,-0.9914097,0.067421794,37.495243
P000572,2019-06-24,697250.94,3.7590342e+06,-6.867180207909697,33.9599159068343,32.346447,2.8296683,0.0912309,0.1680952,0.39178467,0.41143942,0.40852362,4148.18,2845.4966,27.760702,59.280655,3.4438112,870.7861,0.13079268,-0.9914097,0.067421794,37.584717
P000573,2019-06-24,697512.75,3.7590342e+06,-6.864343997632583,33.9599159068343,30.82892,3.04607,0.02350585,0.11614988,0.36546797,0.42186764,0.39134324,4407.4336,2688.8298,27.760702,59.280655,3.4438112,870.7861,0.13079268,-0.9914097,0.067421794,39.62749
P000574,2019-06-24,697774.56,3.7590342e+06,-6.861507787355469,33.9599159068343,33.303032,3.2469094,0.1477741,0.11995096,0.4170371,0.4478448,0.4340393,4666.6875,2548.958,27.760702,59.280655,3.4438112,870.7861,0.13079268,-0.9914097,0.067421794,38.977036
P000575,2019-06-24,698036.4,3.7590342e+06,-6.858671577078355,33.9599159068343,37.41554,3.4307292,0.114506096,0.10409126,0.3724319,0.4834499,0.41286513,4925.941,2428.7842,27.760702,59.280655,3.4438112,870.7861,0.13079268,-0.9914097,0.067421794,37.571224
P000576,2019-06-24,698298.2,3.7590342e+06,-6.855835366801242,33.9599159068343,35.413063,3.5961964,0.09408041,,0.4831243,0.5194166,0.5007975,5185.1943,2331.3567,27.760702,59.280655,3.4438112,870.7861,0.13079268,-0.9914097,0.067421794,39.889133
P000577,2019-06-24,698560.0,3.7590342e+06,-6.852999156524127,33.9599159068343,40.584904,3.7421117,0.14667667,0.24879108,0.4936124,0.54631114,0.51587075,5444.4478,2259.6191,27.760702,59.280655,3.4438112,870.7861,0.13079268,-0.9914097,0.067421794,37.111404
P000579,2019-06-24,699083.6,3.7590342e+06,-6.847326735969899,33.9599159068343,43.96404,3.971202,0.08204004,0.19508365,0.49289364,0.552631,0.5161747,5962.955,2202.3767,27.760702,59.280655,3.4438112,870.7861,0.13079268,-0.9914097,0.067421794,39.046604
P000580,2019-06-24,699345.44,3.7590342e+06,-6.844490525692784,33.9599159068343,45.8932,4.052716,0.10429824,0.18134594,0.41254795,0.53538775,0.45431364,6222.2085,2219.0974,27.760702,59.280655,3.4438112,870.7861,0.13079268,-0.9914097,0.067421794,37.452686
P000581,2019-06-24,699607.25,3.7590342e+06,-6.841654315415671,33.9599159068343,47.411705,4.1113663,0.13442518,0.16982058,0.4737481,0.51454806,0.4909912,6481.462,2265.557,27.760702,59.280655,3.4438112,870.7861,0.13079268,-0.9914097,0.067421794,37.007698
P000582,2019-06-24,699869.06,3.7590342e+06,-6.838818105138556,33.9599159068343,49.761868,4.146729,0.07613624,0.24377075,0.5211664,0.4997178,0.52072865,6740.7153,2339.9844,27.760702,59.280655,3.4438112,870.7861,0.13079268,-0.9914097,0.067421794,37.882877
P000583,2019-06-24,700130.94,3.7590342e+06,-6.835981894861443,33.9599159068343,53.62308,4.158547,0.064362586,0.18771665,0.51017684,0.49824864,0.5146988,6982.1553,2439.8486,27.760702,59.280655,3.4438112,870.7861,0.13079268,-0.9914097,0.067421794,36.725174
P000584,2019-06-24,700392.75,3.7590342e+06,-6.833145684584329,33.9599159068343,56.76746,4.146729,0.02579323,0.23687668,0.58702755,0.51264817,0.57596296,6846.8916,2562.1323,27.760702,59.280655,3.4438112,870.7861,0.13079268,-0.9914097,0.067421794,41.205322
P000585,2019-06-24,700654.56,3.7590342e+06,-6.8303094743072155,33.9599159068343,57.593365,4.1113663,0.059783176,0.27224246,0.6434372,0.53963596,0.62738824,6716.2583,2703.8135,27.760702,59.280655,3.4438112,870.7861,0.13079268,-0.9914097,0.067421794,41.174084
P000586,2019-06-24,700916.4,3.7590342e+06,-6.8274732640301,33.9599159068343,59.868206,4.052716,0.031501204,0.20224932,0.54032254,0.5711848,0.56864214,6590.53,2502.7258,27.760702,59.280655,3.4438112,870.7861,0.13079268,-0.9914097,0.067421794,39.22416
P000587,2019-06-24,701178.2,3.7590342e+06,-6.824637053752987,33.9599159068343,62.33072,3.971202,0.10503437,0.27318397,0.52404195,0.5843433,0.55701417,6469.992,2258.5044,27.760702,59.280655,3.4438112,870.7861,0.13079268,-0.9914097,0.067421794,38.01168
P000588,2019-06-24,701440.0,3.7590342e+06,-6.821800843475873,33.9599159068343,62.139694,3.8674164,0.11290887,0.20602591,0.5194659,0.57925797,0.5447677,6354.941,2018.0367,27.760702,59.280655,3.4438112,870.7861,0.13079268,-0.9914097,0.067421794,38.745647
P000589,2019-06-24,701701.8,3.7590342e+06,-6.818964633198758,33.9599159068343,65.63269,3.7421117,0.15973656,0.16146013,0.513716,0.5522793,0.5220545,6245.6797,1782.8425,27.760702,59.280655,3.4438112,870.7861,0.13079268,-0.9914097,0.067421794,39.906555
P000590,2019-06-24,701963.6,3.7590342e+06,-6.816128422921644,33.9599159068343,66.93525,3.5961964,0.2680015,0.025159312,0.35055724,0.50528115,0.38048843,6142.517,1555.3159,27.760702,59.280655,3.4438112,870.7861,0.13079268,-0.9914097,0.067421794,38.267376
P000591,2019-06-24,702225.44,3.7590342e+06,-6.81329221264453,33.9599159068343,70.04857,3.4307292,0.30594417,-0.0092818625,0.33165526,0.44626862,0.33478954,6045.7656,1339.3701,27.760702,59.280655,3.4438112,870.7861,0.13079268,-0.9914097,0.067421794,35.120335
P000592,2019-06-24,702487.25,3.7590342e+06,-6.810456002367417,33.9599159068343,67.21728,3.2469094,0.42188117,0.01180132,0.31538025,0.38710272,0.29111847,5955.737,1141.5961,27.760702,59.280655,3.4438112,870.7861,0.13079268,-0.9914097,0.067421794,34.936672
P000593,2019-06-24,702749.06,3.7590342e+06,-6.8076197920903025,33.9599159068343,67.6514,3.04607,,-0.124883614,0.12823541,0.33993277,0.13366985,5872.741,973.13715,27.760702,59.280655,3.4438112,870.7861,0.13079268,-0.9914097,0.067421794,31.109295
P000594,2019-06-24,703010.94,3.7590342e+06,-6.804783581813189,33.9599159068343,69.46827,2.8296149,0.51787674,-0.26089466,0.087835796,0.31348506,0.08919233,5797.0625,851.5504,27.760702,59.280655,3.4438112,870.7861,0.13079268,-0.9914097,0.067421794,31.740515
P000595,2019-06-24,703272.75,3.7590342e+06,-6.801947371536074,33.9599159068343,69.71469,2.599216,0.5427518,-0.20549679,0.08170883,0.3104536,0.080936216,5729.0283,798.60754,27.760702,59.280655,3.4438112,870.7861,0.13079268,-0.9914097,0.067421794,31.48398
P000596,2019-06-24,703534.56,3.7590342e+06,-6.799111161258961,33.9599159068343,68.15242,2.356495,0.5230604,-0.25265756,0.061721154,0.32678673,0.07423952,5668.8936,827.5474,27.760702,59.280655,3.4438112,870.7861,0.13079268,-0.9914097,0.067421794,31.137772
P000597,2019-06-24,703796.4,3.7590342e+06,-6.7962749509818465,33.9599159068343,68.28695,2.1032116,0.4898744,-0.14237097,0.11046123,0.3532258,0.123427175,5616.9126,930.76324,27.760702,59.280655,3.4438112,870.7861,0.13079268,-0.9914097,0.067421794,31.886732
P000598,2019-06-24,704058.2,3.7590342e+06,-6.793438740704733,33.9599159068343,69.347115,1.8412029,0.46899155,-0.1219327,0.10744895,0.37846994,0.13932641,5573.3135,1087.3042,27.760702,59.280655,3.4438112,870.7861,0.13079268,-0.9914097,0.067421794,32.178024
P000599,2019-06-24,704320.0,3.7590342e+06,-6.790602530427618,33.9599159068343,67.6182,1.5723686,0.44884807,-0.12175067,0.06304753,0.39293298,0.124538705,5538.2935,1277.7189,27.760702,59.280655,3.4438112,870.7861,0.13079268,-0.9914097,0.067421794,32.394985
P000600,2019-06-24,704581.8,3.7590342e+06,-6.787766320150504,33.9599159068343,68.05128,1.2986585,0.3343119,-0.017833037,0.17238784,0.39180046,0.21255673,5512.017,1489.0686,27.760702,59.280655,3.4438112,870.7861,0.13079268,-0.9914097,0.067421794,35.299057
P000601,2019-06-24,704843.6,3.7590342e+06,-6.7849301098733905,33.9599159068343,68.63113,1.0220574,0.16431592,-0.00054965157,0.16087238,0.3763573,0.21036749,5494.609,1713.6249,27.760702,59.280655,3.4438112,870.7861,0.13079268,-0.9914097,0.067421794,34.413864
P000602,2019-06-24,705105.44,3.7590342e+06,-6.782093899596276,33.9599159068343,69.768234,1.0554289,0.19252583,0.06411623,0.24621537,0.35316896,0.27178827,5486.154,1946.8229,27.760702,59.280655,3.4438112,870.7861,0.13079268,-0.9914097,0.067421794,36.082718
P000603,2019-06-24,705367.25,3.7590342e+06,-6.779257689319163,33.9599159068343,67.98381,1.331788,0.12166065,0.04173336,0.19214776,0.33145407,0.23420931,5486.6934,2185.899,27.760702,59.280655,3.4438112,870.7861,0.13079268,-0.9914097,0.067421794,36.838844
P000604,2019-06-24,705629.06,3.7590342e+06,-6.776421479042048,33.9599159068343,66.73262,1.6050158,0.10202768,0.0690252,0.1962666,0.31960937,0.23882766,5496.2246,2429.1177,27.760702,59.280655,3.4438112,870.7861,0.13079268,-0.9914097,0.067421794,36.624985
P000605,2019-06-24,705890.94,3.7590342e+06,-6.7735852687649345,33.9599159068343,66.981544,1.8731942,0.09206049,-0.0006910504,0.23502788,0.32212618,0.2709493,5514.706,2675.409,27.760702,59.280655,3.4438112,870.7861,0.13079268,-0.9914097,0.067421794,35.347336
P000606,2019-06-24,706152.75,3.7590342e+06,-6.77074905848782,33.9599159068343,68.21284,2.1342506,0.08103951,0.07043347,0.23522028,0.33796152,0.2793143,5542.04,2923.8936,27.760702,59.280655,3.4438112,870.7861,0.13079268,-0.9914097,0.067421794,36.310043
P000607,2019-06-24,706414.56,3.7590342e+06,-6.767912848210707,33.9599159068343,68.692825,2.3863564,0.031969734,0.13252684,0.21339005,0.36092615,0.27372316,5578.0996,3174.1013,27.760702,59.280655,3.4438112,870.7861,0.13079268,-0.9914097,0.067421794,35.366676
P000608,2019-06-24,706676.4,3.7590342e+06,-6.765076637933593,33.9599159068343,70.7234,2.6276834,0.078637816,0.095775746,0.1262795,0.3819104,0.22104579,5622.717,3425.6545,27.760702,59.280655,3.4438112,870.7861,0.13079268,-0.9914097,0.067421794,36.35069
P000609,2019-06-24,706938.2,3.7590342e+06,-6.762240427656479,33.9599159068343,70.2102,2.8564816,0.042646177,0.020757295,0.19127972,0.39214468,0.27064836,5675.6895,3678.2773,27.760702,59.280655,3.4438112,870.7861,0.13079268,-0.9914097,0.067421794,35.77019
P000610,2019-06-24,693061.8,3.7593365e+06,-6.91255957234352,33.962651921167485,8.744394,2.773404,0.013122772,0.04934215,0.09693981,0.35255897,0.19124946,0.0,5692.86,27.760702,59.280655,3.4438112,870.7861,0.13079268,-0.9914097,0.067421794,34.460716
P000611,2019-06-24,693323.6,3.7593365e+06,-6.909723362066407,33.962651921167485,9.81182,2.58822,0.17142059,0.029324485,0.15094084,0.35736072,0.2307261,259.25354,5537.2456,27.760702,59.280655,3.4438112,870.7861,0.13079268,-0.9914097,0.067421794,36.66396
P000612,2019-06-24,693585.44,3.7593365e+06,-6.9068871517892925,33.962651921167485,11.367603,2.3907933,0.046076205,0.06747134,0.103708394,0.3465318,0.19386378,518.5071,5389.615,27.760702,59.280655,3.4438112,870.7861,0.13079268,-0.9914097,0.067421794,36.4307
P000613,2019-06-24,693847.25,3.7593365e+06,-6.904050941512179,33.962651921167485,14.642258,2.1825557,0.05398437,0.06605418,0.18132448,0.32570294,0.2408864,777.76056,5250.6416,27.760702,59.280655,3.4438112,870.7861,0.13079268,-0.9914097,0.067421794,36.311573
P000614,2019-06-24,694109.06,3.7593365e+06,-6.901214731235065,33.962651921167485,15.013659,1.9650171,0.009784303,0.042421564,0.15100491,0.30413797,0.21208012,1037.0142,5121.0303,27.760702,59.280655,3.4438112,870.7861,0.13079268,-0.9914097,0.067421794,36.120842
P000615,2019-06-24,694370.94,3.7593365e+06,-6.898378520957952,33.962651921167485,15.410039,1.7397008,0.036082376,0.03594346,0.14924815,0.29157665,0.2063907,1296.3296,5001.4814,27.760702,59.280655,3.4438112,870.7861,0.13079268,-0.9914097,0.067421794,35.99614
P000616,2019-06-24,694632.75,3.7593365e+06,-6.8955423106808365,33.962651921167485,16.018154,1.508348,0.030436948,0.036878783,0.23534115,0.29491836,0.26771492,1555.583,4791.4907,27.760702,59.280655,3.4438112,870.7861,0.13079268,-0.9914097,0.067421794,36.807804
P000617,2019-06-24,694894.56,3.7593365e+06,-6.892706100403723,33.962651921167485,17.245188,1.2725836,0.018825088,0.053693525,0.23622915,0.3158389,0.2754728,1814.8365,4554.894,27.760702,59.280655,3.4438112,870.7861,0.13079268,-0.9914097,0.067421794,37.197666
P000618,2019-06-24,695156.4,3.7593365e+06,-6.889869890126609,33.962651921167485,19.369257,1.0341173,0.06824964,0.08881118,0.22469318,0.35021198,0.27912694,2074.09,4320.8984,27.760702,59.280655,3.4438112,870.7861,0.13079268,-0.9914097,0.067421794,36.884293
P000619,2019-06-24,695418.2,3.7593365e+06,-6.8870336798494955,33.962651921167485,20.910305,1.0053216,0.020334326,0.13429089,0.31608838,0.38947925,0.35637733,2333.3438,4089.9495,27.760702,59.280655,3.4438112,870.7861,0.13079268,-0.9914097,0.067421794,38.408245
P000620,2019-06-24,695680.0,3.7593365e+06,-6.884197469572381,33.962651921167485,20.382261,1.2439967,0.044148657,0.08888298,0.26930627,0.42352563,0.33484152,2592.5972,3862.5947,27.760702,59.280655,3.4438112,870.7861,0.13079268,-0.9914097,0.067421794,36.402966
P000621,2019-06-24,695941.8,3.7593365e+06,-6.881361259295266,33.962651921167485,22.813456,1.4801773,-0.018805297,0.14158815,0.3051335,0.44407713,0.36609808,2851.8506,3639.5073,27.760702,59.280655,3.4438112,870.7861,0.13079268,-0.9914097,0.067421794,38.058163
P000622,2019-06-24,696203.6,3.7593365e+06,-6.878525049018153,33.962651921167485,21.674686,1.7121505,0.0682633,0.16253565,0.33203208,0.44746628,0.3847079,3111.1042,3421.522,27.760702,59.280655,3.4438112,870.7861,0.13079268,-0.9914097,0.067421794,37.653214
P000623,2019-06-24,696465.44,3.7593365e+06,-6.875688838741039,33.962651921167485,25.763739,1.9382341,0.012649575,0.1156029,0.31835622,0.4358269,0.3691958,3370.3577,3209.6787,27.760702,59.280655,3.4438112,870.7861,0.13079268,-0.9914097,0.067421794,39.45281
P000624,2019-06-24,696727.25,3.7593365e+06,-6.872852628463925,33.962651921167485,27.885511,2.1567886,0.09932914,0.15354243,0.37233275,0.4163177,0.39778084,3629.6113,3005.2766,27.760702,59.280655,3.4438112,870.7861,0.13079268,-0.9914097,0.067421794,37.460953
P000625,2019-06-24,696989.06,3.7593365e+06,-6.87001641818681,33.962651921167485,28.170675,2.366229,0.09546447,0.12083119,0.35106412,0.39864576,0.37382928,3888.8647,2809.94,27.760702,59.280655,3.4438112,870.7861,0.13079268,-0.9914097,0.067421794,37.7638
P000626,2019-06-24,697250.94,3.7593365e+06,-6.867180207909697,33.962651921167485,32.30749,2.565083,0.10781707,0.17267928,0.36727342,0.3917398,0.3794273,4148.18,2625.6501,27.760702,59.280655,3.4438112,870.7861,0.13079268,-0.9914097,0.067421794,37.3641
P000627,2019-06-24,697512.75,3.7593365e+06,-6.864343997632583,33.962651921167485,30.784515,2.7518132,0.09494143,0.15442725,0.439618,0.40071356,0.42955223,4407.4336,2454.994,27.760702,59.280655,3.4438112,870.7861,0.13079268,-0.9914097,0.067421794,37.889774
P000628,2019-06-24,697774.56,3.7593365e+06,-6.861507787355469,33.962651921167485,33.918453,2.9251144,0.16140763,0.114229105,0.36460575,0.4251377,0.38180476,4666.6875,2300.951,27.760702,59.280655,3.4438112,870.7861,0.13079268,-0.9914097,0.067421794,37.585392
P000629,2019-06-24,698036.4,3.7593365e+06,-6.858671577078355,33.962651921167485,35.535923,3.0837297,0.16433161,,0.3253452,0.45923957,0.36259526,4925.941,2167.0674,27.760702,59.280655,3.4438112,870.7861,0.13079268,-0.9914097,0.067421794,37.706543
P000630,2019-06-24,698298.2,3.7593365e+06,-6.855835366801242,33.962651921167485,37.486893,3.2265093,0.16187595,0.14681457,0.4755631,0.4939216,0.47663617,5185.1943,2057.2825,27.760702,59.280655,3.4438112,870.7861,0.13079268,-0.9914097,0.067421794,39.264893
P000631,2019-06-24,698560.0,3.7593365e+06,-6.852999156524127,33.962651921167485,39.601955,3.3524172,0.14389946,0.17937464,0.51936245,0.5199171,0.5138409,5444.4478,1975.618,27.760702,59.280655,3.4438112,870.7861,0.13079268,-0.9914097,0.067421794,36.70193
P000632,2019-06-24,698821.8,3.7593365e+06,-6.850162946247012,33.962651921167485,42.0945,3.4605408,0.16070023,0.09542939,0.42923433,0.53099376,0.4530128,5703.701,1925.6549,27.760702,59.280655,3.4438112,870.7861,0.13079268,-0.9914097,0.067421794,39.282463
P000633,2019-06-24,699083.6,3.7593365e+06,-6.847326735969899,33.962651921167485,45.290974,3.550096,0.23224434,0.12496002,0.39165047,0.526104,0.4244748,5962.955,1909.8827,27.760702,59.280655,3.4438112,870.7861,0.13079268,-0.9914097,0.067421794,37.570942
P000634,2019-06-24,699345.44,3.7593365e+06,-6.844490525692784,33.962651921167485,48.29451,3.620433,0.20651557,0.1855729,0.4672858,0.5097398,0.4723239,6222.2085,1929.14,27.760702,59.280655,3.4438112,870.7861,0.13079268,-0.9914097,0.067421794,38.2041
P000635,2019-06-24,699607.25,3.7593365e+06,-6.841654315415671,33.962651921167485,49.04073,3.671042,0.15291645,0.13724922,0.4890053,0.49036935,0.48246565,6481.462,1982.4066,27.760702,59.280655,3.4438112,870.7861,0.13079268,-0.9914097,0.067421794,39.216526
P000636,2019-06-24,699869.06,3.7593365e+06,-6.838818105138556,33.962651921167485,52.427372,3.701556,0.18347195,0.112357125,0.5144371,0.47748572,0.49839336,6740.7153,2067.0547,27.760702,59.280655,3.4438112,870.7861,0.13079268,-0.9914097,0.067421794,38.557358
P000637,2019-06-24,700130.94,3.7593365e+06,-6.835981894861443,33.962651921167485,52.981327,3.7117534,0.16862364,0.20031478,0.5041066,0.47828144,0.49474606,6792.3364,2179.4607,27.760702,59.280655,3.4438112,870.7861,0.13079268,-0.9914097,0.067421794,38.874454
P000638,2019-06-24,700392.75,3.7593365e+06,-6.833145684584329,33.962651921167485,57.047287,3.701556,0.098634936,0.25934023,0.5838805,0.4950799,0.5601552,6653.215,2315.5366,27.760702,59.280655,3.4438112,870.7861,0.13079268,-0.9914097,0.067421794,40.34693
P000639,2019-06-24,700654.56,3.7593365e+06,-6.8303094743072155,33.962651921167485,57.41109,3.671042,0.020094287,0.22112712,0.5996861,0.5244207,0.5852734,6518.701,2471.3955,27.760702,59.280655,3.4438112,870.7861,0.13079268,-0.9914097,0.067421794,41.268692
P000640,2019-06-24,700916.4,3.7593365e+06,-6.8274732640301,33.962651921167485,61.6875,3.620433,0.06801176,0.25953975,0.54286975,0.5581204,0.560929,6389.086,2610.7134,27.760702,59.280655,3.4438112,870.7861,0.13079268,-0.9914097,0.067421794,40.49149
P000641,2019-06-24,701178.2,3.7593365e+06,-6.824637053752987,33.962651921167485,64.90736,3.550096,0.007212509,0.30442667,0.6288369,0.5859514,0.6341366,6264.674,2377.61,27.760702,59.280655,3.4438112,870.7861,0.13079268,-0.9914097,0.067421794,41.096222
P000642,2019-06-24,701440.0,3.7593365e+06,-6.821800843475873,33.962651921167485,63.778923,3.4605408,0.069965415,0.3116765,0.6450382,0.5849171,0.6402403,6145.7803,2150.5024,27.760702,59.280655,3.4438112,870.7861,0.13079268,-0.9914097,0.067421794,41.70727
P000643,2019-06-24,701701.8,3.7593365e+06,-6.818964633198758,33.962651921167485,62.739777,3.3524172,0.13441104,0.17859626,0.5362243,0.56190485,0.549164,6032.732,1931.5061,27.760702,59.280655,3.4438112,870.7861,0.13079268,-0.9914097,0.067421794,39.175663
P000644,2019-06-24,701963.6,3.7593365e+06,-6.816128422921644,33.962651921167485,65.921326,3.2265093,0.18774486,0.19664079,0.46722403,0.51957345,0.47796538,5925.8633,1723.7157,27.760702,59.280655,3.4438112,870.7861,0.13079268,-0.9914097,0.067421794,38.744694
P000645,2019-06-24,702225.44,3.7593365e+06,-6.81329221264453,33.962651921167485,69.02583,3.0837297,0.176136,0.09080669,0.4174754,0.46557966,0.41548848,5825.5146,1531.6985,27.760702,59.280655,3.4438112,870.7861,0.13079268,-0.9914097,0.067421794,39.038303
P000646,2019-06-24,702487.25,3.7593365e+06,-6.810456002367417,33.962651921167485,68.94737,2.9251144,0.26888096,0.04218786,0.3861193,0.4112483,0.36594802,5732.028,1362.1416,27.760702,59.280655,3.4438112,870.7861,0.13079268,-0.9914097,0.067421794,36.912598
P000647,2019-06-24,702749.06,3.7593365e+06,-6.8076197920903025,33.962651921167485,69.102234,2.7518132,0.33183664,,0.24982491,0.36807942,0.24806768,5645.744,1224.4117,27.760702,59.280655,3.4438112,870.7861,0.13079268,-0.9914097,0.067421794,36.52748
P000648,2019-06-24,703010.94,3.7593365e+06,-6.804783581813189,33.962651921167485,70.34185,2.565037,0.40639096,-0.08152722,0.2704896,0.34416294,0.24901795,5566.9805,1130.1886,27.760702,59.280655,3.4438112,870.7861,0.13079268,-0.9914097,0.067421794,34.48086
P000649,2019-06-24,703272.75,3.7593365e+06,-6.801947371536074,33.962651921167485,69.8793,2.366229,,-0.05392169,0.21769018,0.3417118,0.20904657,5496.099,1090.8539,27.760702,59.280655,3.4438112,870.7861,0.13079268,-0.9914097,0.067421794,34.63379
P000650,2019-06-24,703534.56,3.7593365e+06,-6.799111161258961,33.962651921167485,70.799706,2.1567886,0.36220858,-0.02364131,0.27667898,0.35647222,0.2566744,5433.387,1112.2153,27.760702,59.280655,3.4438112,870.7861,0.13079268,-0.9914097,0.067421794,35.050182
P000651,2019-06-24,703796.4,3.7593365e+06,-6.7962749509818465,33.962651921167485,70.39391,1.9382341,0.4250529,-0.09667441,0.19998023,0.3793135,0.2152901,5379.131,1191.0115,27.760702,59.280655,3.4438112,870.7861,0.13079268,-0.9914097,0.067421794,33.439075
P000652,2019-06-24,704058.2,3.7593365e+06,-6.793438740704733,33.962651921167485,71.01859,1.7121505,0.32783064,0.01169771,0.2691974,0.39936373,0.2775576,5333.588,1316.9733,27.760702,59.280655,3.4438112,870.7861,0.13079268,-0.9914097,0.067421794,35.332428
P000653,2019-06-24,704320.0,3.7593365e+06,-6.790602530427618,33.962651921167485,69.51131,1.4801773,0.29244626,-0.017795524,0.18346517,0.40766233,0.22877336,5296.9834,1478.0912,27.760702,59.280655,3.4438112,870.7861,0.13079268,-0.9914097,0.067421794,34.12628
P000654,2019-06-24,704581.8,3.7593365e+06,-6.787766320150504,33.962651921167485,70.07472,1.2439967,0.20701638,0.039284892,0.255934,0.40007493,0.28564772,5269.504,1664.1855,27.760702,59.280655,3.4438112,870.7861,0.13079268,-0.9914097,0.067421794,36.32992
P000655,2019-06-24,704843.6,3.7593365e+06,-6.7849301098733905,33.962651921167485,68.57558,1.0053216,0.12651227,0.042771213,0.25792235,0.37848493,0.28784055,5251.292,1867.8057,27.760702,59.280655,3.4438112,870.7861,0.13079268,-0.9914097,0.067421794,37.685528
P000656,2019-06-24,705105.44,3.7593365e+06,-6.782093899596276,33.962651921167485,68.24931,1.0341173,0.09191897,0.067943156,0.2230839,0.34988263,0.26070336,5242.4443,2083.8203,27.760702,59.280655,3.4438112,870.7861,0.13079268,-0.9914097,0.067421794,37.827744
P000657,2019-06-24,705367.25,3.7593365e+06,-6.779257689319163,33.962651921167485,71.13464,1.2725836,0.12051132,0.057866182,0.26064083,0.32370493,0.28366265,5243.009,2308.7532,27.760702,59.280655,3.4438112,870.7861,0.13079268,-0.9914097,0.067421794,36.01556
P000658,2019-06-24,705629.06,3.7593365e+06,-6.776421479042048,33.962651921167485,69.561356,1.508348,0.11655812,0.13475177,0.29205775,0.30838138,0.30464968,5252.9824,2540.2363,27.760702,59.280655,3.4438112,870.7861,0.13079268,-0.9914097,0.067421794,38.143806
P000659,2019-06-24,705890.94,3.7593365e+06,-6.7735852687649345,33.962651921167485,70.5891,1.7397554,0.05475005,0.08643429,0.22870964,0.30830455,0.26332358,5272.317,2776.6887,27.760702,59.280655,3.4438112,870.7861,0.13079268,-0.9914097,0.067421794,36.59672
P000660,2019-06-24,706152.75,3.7593365e+06,-6.77074905848782,33.962651921167485,70.19993,1.9650171,0.06400389,0.06263502,0.16790354,0.32226652,0.22763813,5300.901,3016.843,27.760702,59.280655,3.4438112,870.7861,0.13079268,-0.9914097,0.067421794,36.890667
P000661,2019-06-24,706414.56,3.7593365e+06,-6.767912848210707,33.962651921167485,69.87973,2.1825557,0.08230416,0.09795813,0.21170463,0.3438967,0.26709408,5338.5894,3259.9243,27.760702,59.280655,3.4438112,870.7861,0.13079268,-0.9914097,0.067421794,35.434242
P000662,2019-06-24,706676.4,3.7593365e+06,-6.765076637933593,33.962651921167485,71.22661,2.3907933,0.0026232544,0.044852942,0.1653035,0.36392486,0.24233131,5385.191,3505.324,27.760702,59.280655,3.4438112,870.7861,0.13079268,-0.9914097,0.067421794,36.556007
P000663,2019-06-24,706938.2,3.7593365e+06,-6.762240427656479,33.962651921167485,73.655914,2.58822,0.038135793,0.05766052,0.16978395,0.37345663,0.24918945,5440.477,3752.5874,27.760702,59.280655,3.4438112,870.7861,0.13079268,-0.9914097,0.067421794,35.628544
P000664,2019-06-24,693061.8,3.759639e+06,-6.91255957234352,33.965387935500665,10.5902405,2.4576535,0.025419453,0.04972954,0.13309492,0.3467775,0.2145328,0.0,5464.945,27.760702,59.280655,3.4438112,870.7861,0.13079268,-0.9914097,0.067421794,37.720703
P000665,2019-06-24,693323.6,3.759639e+06,-6.909723362066407,33.965387935500665,9.023193,2.3036811,0.07620461,0.056523796,0.086317174,0.35183713,0.1835525,259.25354,5302.6465,27.760702,59.280655,3.4438112,870.7861,0.13079268,-0.9914097,0.067421794,34.370926
P000666,2019-06-24,693585.44,3.759639e+06,-6.9068871517892925,33.965387935500665,11.974135,2.1395295,0.038945172,0.03434104,0.10085768,0.34129748,0.1900284,518.5071,5148.293,27.760702,59.280655,3.4438112,870.7861,0.13079268,-0.9914097,0.067421794,36.126884
P000667,2019-06-24,693847.25,3.759639e+06,-6.904050941512179,33.965387935500665,15.5301895,1.9663891,-0.01988141,0.07274079,0.18705486,0.32078817,0.24316165,777.76056,5002.62,27.760702,59.280655,3.4438112,870.7861,0.13079268,-0.9914097,0.067421794,38.320217
P000668,2019-06-24,694109.06,3.759639e+06,-6.901214731235065,33.965387935500665,14.298903,1.7855153,0.011768492,0.059629545,0.16607696,0.29956922,0.22100061,1037.0142,4866.407,27.760702,59.280655,3.4438112,870.7861,0.13079268,-0.9914097,0.067421794,36.78946
P000669,2019-06-24,694370.94,3.759639e+06,-6.898378520957952,33.965387935500665,13.566181,1.5981746,0.054258425,0.044970788,0.110191025,0.28737247,0.1775211,1296.3296,4740.4414,27.760702,59.280655,3.4438112,870.7861,0.13079268,-0.9914097,0.067421794,36.252098
P000670,2019-06-24,694632.75,3.759639e+06,-6.8955423106808365,33.965387935500665,19.179022,1.4058148,0.03584967,0.08268626,0.24431188,0.29108316,0.27254635,1555.583,4625.622,27.760702,59.280655,3.4438112,870.7861,0.13079268,-0.9914097,0.067421794,37.9606
P000671,2019-06-24,694894.56,3.759639e+06,-6.892706100403723,33.965387935500665,18.919783,1.209787,0.0044522043,0.09559233,0.2443903,0.31235507,0.27978033,1814.8365,4440.1104,27.760702,59.280655,3.4438112,870.7861,0.13079268,-0.9914097,0.067421794,37.43517
P000672,2019-06-24,695156.4,3.759639e+06,-6.889869890126609,33.965387935500665,19.22761,1.0115126,0.10254749,0.07083578,0.22873625,0.34703,0.28052756,2074.09,4199.7236,27.760702,59.280655,3.4438112,870.7861,0.13079268,-0.9914097,0.067421794,35.75886
P000673,2019-06-24,695418.2,3.759639e+06,-6.8870336798494955,33.965387935500665,20.099018,0.9875703,0.053762697,0.082398266,0.22694656,0.38650617,0.29241908,2333.3438,3961.7175,27.760702,59.280655,3.4438112,870.7861,0.13079268,-0.9914097,0.067421794,36.363434
P000674,2019-06-24,695680.0,3.759639e+06,-6.884197469572381,33.965387935500665,23.10531,1.1860182,0.05727629,0.13372058,0.32152972,0.42061388,0.3695566,2592.5972,3726.5474,27.760702,59.280655,3.4438112,870.7861,0.13079268,-0.9914097,0.067421794,37.34863
P000675,2019-06-24,695941.8,3.759639e+06,-6.881361259295266,33.965387935500665,22.45395,1.382392,,0.13036457,0.3230462,0.44101566,0.37630537,2851.8506,3494.7864,27.760702,59.280655,3.4438112,870.7861,0.13079268,-0.9914097,0.067421794,39.06875
P000676,2019-06-24,696203.6,3.759639e+06,-6.878525049018153,33.965387935500665,25.824625,1.5752677,0.053136732,0.1687158,0.41137105,0.44397736,0.437158,3111.1042,3267.1594,27.760702,59.280655,3.4438112,870.7861,0.13079268,-0.9914097,0.067421794,40.644184
P000677,2019-06-24,696465.44,3.759639e+06,-6.875688838741039,33.965387935500665,26.493681,1.7632463,0.03087799,0.13027172,0.35780188,0.43157214,0.3926483,3370.3577,3044.5945,27.760702,59.280655,3.4438112,870.7861,0.13079268,-0.9914097,0.067421794,38.389225
P000679,2019-06-24,696989.06,3.759639e+06,-6.87001641818681,33.965387935500665,29.012712,2.1191056,0.14025605,0.107945755,0.35942072,0.3917083,0.37231734,3888.8647,2619.7864,27.760702,59.280655,3.4438112,870.7861,0.13079268,-0.9914097,0.067421794,37.00317
P000680,2019-06-24,697250.94,3.759639e+06,-6.867180207909697,33.965387935500665,30.247663,2.2844439,0.08326837,0.10363374,0.40065655,0.38291132,0.39333567,4148.18,2421.0652,27.760702,59.280655,3.4438112,870.7861,0.13079268,-0.9914097,0.067421794,38.78486
P000682,2019-06-24,697774.56,3.759639e+06,-6.861507787355469,33.965387935500665,32.945507,2.583794,0.17288075,0.13806076,0.42335418,0.41188276,0.40870965,4666.6875,2064.4353,27.760702,59.280655,3.4438112,870.7861,0.13079268,-0.9914097,0.067421794,37.969463
P000683,2019-06-24,698036.4,3.759639e+06,-6.858671577078355,33.965387935500665,33.956757,2.715676,0.28522745,0.09779324,0.36418733,0.443786,0.3732169,4925.941,1914.0792,27.760702,59.280655,3.4438112,870.7861,0.13079268,-0.9914097,0.067421794,36.817177
P000684,2019-06-24,698298.2,3.759639e+06,-6.855835366801242,33.965387935500665,38.66618,2.8343909,0.21913442,0.041785914,0.37145877,0.47656047,0.38512617,5185.1943,1788.8347,27.760702,59.280655,3.4438112,870.7861,0.13079268,-0.9914097,0.067421794,35.626225
P000685,2019-06-24,698560.0,3.759639e+06,-6.852999156524127,33.965387935500665,40.81538,2.939078,0.25924018,0.046315756,0.37706125,0.50115454,0.39400172,5444.4478,1694.28,27.760702,59.280655,3.4438112,870.7861,0.13079268,-0.9914097,0.067421794,37.75427
P000686,2019-06-24,698821.8,3.759639e+06,-6.850162946247012,33.965387935500665,42.857895,3.028978,0.26374334,0.12791324,0.43272844,0.51151687,0.4342838,5703.701,1635.746,27.760702,59.280655,3.4438112,870.7861,0.13079268,-0.9914097,0.067421794,37.366528
P000687,2019-06-24,699083.6,3.759639e+06,-6.847326735969899,33.965387935500665,45.074966,3.103439,0.28521305,0.094760865,0.4735181,0.50671655,0.46041527,5962.955,1617.1487,27.760702,59.280655,3.4438112,870.7861,0.13079268,-0.9914097,0.067421794,38.455242
P000688,2019-06-24,699345.44,3.759639e+06,-6.844490525692784,33.965387935500665,46.565315,3.1619213,0.26853386,0.07620247,0.42589438,0.49127877,0.42257968,6222.2085,1639.8474,27.760702,59.280655,3.4438112,870.7861,0.13079268,-0.9914097,0.067421794,37.238663
P000689,2019-06-24,699607.25,3.759639e+06,-6.841654315415671,33.965387935500665,50.293514,3.2040005,0.24634959,0.10309354,0.45215717,0.473614,0.4372394,6481.462,1702.1909,27.760702,59.280655,3.4438112,870.7861,0.13079268,-0.9914097,0.067421794,37.404625
P000690,2019-06-24,699869.06,3.759639e+06,-6.838818105138556,33.965387935500665,51.69578,3.2293715,0.19522823,0.1356375,0.50598174,0.4630758,0.47499907,6740.7153,1800.0647,27.760702,59.280655,3.4438112,870.7861,0.13079268,-0.9914097,0.067421794,37.010765
P000691,2019-06-24,700130.94,3.759639e+06,-6.835981894861443,33.965387935500665,53.53682,3.2378504,0.19398797,0.11359061,0.5155075,0.4666575,0.48765156,6605.9053,1928.0994,27.760702,59.280655,3.4438112,870.7861,0.13079268,-0.9914097,0.067421794,38.549072
P000692,2019-06-24,700392.75,3.759639e+06,-6.833145684584329,33.965387935500665,56.04843,3.2293715,0.19578122,0.19919164,0.5857504,0.48645136,0.54902756,6462.7715,2080.6797,27.760702,59.280655,3.4438112,870.7861,0.13079268,-0.9914097,0.067421794,39.03761
P000693,2019-06-24,700654.56,3.759639e+06,-6.8303094743072155,33.965387935500665,61.041767,3.2040005,0.14088756,0.2176103,0.49927095,0.51877,0.5052204,6324.2085,2252.8457,27.760702,59.280655,3.4438112,870.7861,0.13079268,-0.9914097,0.067421794,39.943787
P000694,2019-06-24,700916.4,3.759639e+06,-6.8274732640301,33.965387935500665,58.585636,3.1619213,0.05508981,0.21036987,0.5705658,0.55523276,0.5730871,6190.5225,2440.4556,27.760702,59.280655,3.4438112,870.7861,0.13079268,-0.9914097,0.067421794,41.08431
P000695,2019-06-24,701178.2,3.759639e+06,-6.824637053752987,33.965387935500665,63.14112,3.103439,0.114008814,0.23605765,0.5881733,0.58546406,0.6007015,6062.0366,2525.2722,27.760702,59.280655,3.4438112,870.7861,0.13079268,-0.9914097,0.067421794,42.086918
P000696,2019-06-24,701440.0,3.759639e+06,-6.821800843475873,33.965387935500665,62.19577,3.028978,0.04295262,0.22392182,0.5444284,0.60050195,0.57939225,5939.088,2312.7107,27.760702,59.280655,3.4438112,870.7861,0.13079268,-0.9914097,0.067421794,38.977722
P000697,2019-06-24,701701.8,3.759639e+06,-6.818964633198758,33.965387935500665,65.52537,2.939078,0.11513739,0.21656774,0.5644031,0.5831697,0.5837572,5822.028,2110.6125,27.760702,59.280655,3.4438112,870.7861,0.13079268,-0.9914097,0.067421794,39.41942
P000698,2019-06-24,701963.6,3.759639e+06,-6.816128422921644,33.965387935500665,66.3429,2.8343909,0.101849504,0.18885459,0.5272989,0.54520214,0.53903854,5711.218,1922.2812,27.760702,59.280655,3.4438112,870.7861,0.13079268,-0.9914097,0.067421794,40.63727
P000699,2019-06-24,702225.44,3.759639e+06,-6.81329221264453,33.965387935500665,65.33031,2.715676,0.145434,0.20834357,0.50906104,0.49590316,0.5031062,5607.029,1752.1615,27.760702,59.280655,3.4438112,870.7861,0.13079268,-0.9914097,0.067421794,38.04371
P000700,2019-06-24,702487.25,3.759639e+06,-6.810456002367417,33.965387935500665,69.03648,2.583794,0.15623967,0.1399893,0.5102323,0.44609863,0.48070467,5509.836,1606.0509,27.760702,59.280655,3.4438112,870.7861,0.13079268,-0.9914097,0.067421794,40.166656
P000701,2019-06-24,702749.06,3.759639e+06,-6.8076197920903025,33.965387935500665,68.63527,2.4397018,0.21040376,0.08233853,0.41966265,0.40668428,0.39853808,5420.0166,1491.0244,27.760702,59.280655,3.4438112,870.7861,0.13079268,-0.9914097,0.067421794,38.36795
P000702,2019-06-24,703010.94,3.759639e+06,-6.804783581813189,33.965387935500665,66.90255,2.2844055,0.31023517,0.045384977,0.3542003,0.38515767,0.34170684,5337.9233,1414.6716,27.760702,59.280655,3.4438112,870.7861,0.13079268,-0.9914097,0.067421794,36.641342
P000703,2019-06-24,703272.75,3.759639e+06,-6.801947371536074,33.965387935500665,70.598434,2.1191056,0.26687223,0.00041348403,0.35795912,0.3832839,0.34222794,5263.958,1383.4492,27.760702,59.280655,3.4438112,870.7861,0.13079268,-0.9914097,0.067421794,36.507378
P000704,2019-06-24,703534.56,3.759639e+06,-6.799111161258961,33.965387935500665,71.35664,1.9449649,0.28068048,0.038233694,0.3751766,0.39662066,0.35973772,5198.4463,1400.3544,27.760702,59.280655,3.4438112,870.7861,0.13079268,-0.9914097,0.067421794,35.758335
P000705,2019-06-24,703796.4,3.759639e+06,-6.7962749509818465,33.965387935500665,71.378426,1.7632463,0.25262177,0.080380164,0.2912489,0.41615576,0.31073585,5141.7114,1463.7206,27.760702,59.280655,3.4438112,870.7861,0.13079268,-0.9914097,0.067421794,36.167164
P000706,2019-06-24,704058.2,3.759639e+06,-6.793438740704733,33.965387935500665,69.926575,1.5752677,0.20775017,0.054777298,0.28713015,0.43141562,0.3177835,5094.047,1567.9248,27.760702,59.280655,3.4438112,870.7861,0.13079268,-0.9914097,0.067421794,36.93419
P000707,2019-06-24,704320.0,3.759639e+06,-6.790602530427618,33.965387935500665,69.442955,1.382392,0.1588118,0.11374008,0.336059,0.43402106,0.35856563,5055.7085,1705.4979,27.760702,59.280655,3.4438112,870.7861,0.13079268,-0.9914097,0.067421794,37.737778
P000708,2019-06-24,704581.8,3.759639e+06,-6.787766320150504,33.965387935500665,70.89272,1.1860182,0.18706585,0.10529102,0.307233,0.4204696,0.33958718,5026.9097,1869.0862,27.760702,59.280655,3.4438112,870.7861,0.13079268,-0.9914097,0.067421794,37.646873
P000709,2019-06-24,704843.6,3.759639e+06,-6.7849301098733905,33.965387935500665,71.27696,0.9875703,0.12876303,0.048172366,0.3345714,0.39320096,0.3548228,5007.816,2052.4785,27.760702,59.280655,3.4438112,870.7861,0.13079268,-0.9914097,0.067421794,37.14248
P000710,2019-06-24,705105.44,3.759639e+06,-6.782093899596276,33.965387935500665,70.648575,1.0115126,0.09697858,0.11104731,0.30514136,0.3596001,0.32736364,4998.537,2250.839,27.760702,59.280655,3.4438112,870.7861,0.13079268,-0.9914097,0.067421794,37.696686
P000711,2019-06-24,705367.25,3.759639e+06,-6.779257689319163,33.965387935500665,68.276886,1.209787,0.12891014,0.17286593,0.32001942,0.32930657,0.33111295,4999.1294,2460.551,27.760702,59.280655,3.4438112,870.7861,0.13079268,-0.9914097,0.067421794,36.38995
P000712,2019-06-24,705629.06,3.759639e+06,-6.776421479042048,33.965387935500665,69.86644,1.4058148,0.09223459,0.056081116,0.24543625,0.31078038,0.27536327,5009.5884,2678.9495,27.760702,59.280655,3.4438112,870.7861,0.13079268,-0.9914097,0.067421794,35.941017
P000713,2019-06-24,705890.94,3.759639e+06,-6.7735852687649345,33.965387935500665,70.47598,1.5982199,0.0798613,0.094459996,0.2646272,0.30832204,0.2899921,5029.8584,2904.13,27.760702,59.280655,3.4438112,870.7861,0.13079268,-0.9914097,0.067421794,37.56046
P000714,2019-06-24,706152.75,3.759639e+06,-6.77074905848782,33.965387935500665,68.2073,1.7855153,0.019172676,0.1014905,0.23935552,0.32057008,0.27793375,5059.8125,3134.5352,27.760702,59.280655,3.4438112,870.7861,0.13079268,-0.9914097,0.067421794,37.367477
P000715,2019-06-24,706414.56,3.759639e+06,-6.767912848210707,33.965387935500665,71.47596,1.9663891,0.030413803,0.119895585,0.18524669,0.3409852,0.24802972,5099.2827,3369.1357,27.760702,59.280655,3.4438112,870.7861,0.13079268,-0.9914097,0.067421794,36.45219
P000716,2019-06-24,706676.4,3.759639e+06,-6.765076637933593,33.965387935500665,74.2717,2.1395295,0.030145824,0.0911991,0.15447892,0.360148,0.2336774,5148.0513,3607.1133,27.760702,59.280655,3.4438112,870.7861,0.13079268,-0.9914097,0.067421794,35.34362
P000717,2019-06-24,706938.2,3.759639e+06,-6.762240427656479,33.965387935500665,73.03258,2.3036811,0.046770494,0.04101783,0.21560527,0.36904803,0.27984127,5205.8564,3847.841,27.760702,59.280655,3.4438112,870.7861,0.13079268,-0.9914097,0.067421794,35.717583
P000718,2019-06-24,693061.8,3.7599415e+06,-6.91255957234352,33.96812394983385,12.088746,2.127083,0.033884212,0.065078504,0.12601931,0.35866728,0.21373926,0.0,5243.4707,27.760702,59.280655,3.4438112,870.7861,0.13079268,-0.9914097,0.067421794,36.909176
P000719,2019-06-24,693323.6,3.7599415e+06,-6.909723362066407,33.96812394983385,11.693031,2.0057874,0.043668065,0.079500616,0.11300248,0.36394182,0.20646451,259.25354,5074.0933,27.760702,59.280655,3.4438112,870.7861,0.13079268,-0.9914097,0.067421794,36.10229
P000720,2019-06-24,693585.44,3.7599415e+06,-6.9068871517892925,33.96812394983385,12.54095,1.8764724,0.02471609,0.10254105,0.1572682,0.35364217,0.23382732,518.5071,4912.564,27.760702,59.280655,3.4438112,870.7861,0.13079268,-0.9914097,0.067421794,37.7288
P000721,2019-06-24,693847.25,3.7599415e+06,-6.904050941512179,33.96812394983385,14.245065,1.7400763,-0.0065206955,0.075410865,0.21339367,0.333396,0.26599324,777.76056,4759.682,27.760702,59.280655,3.4438112,870.7861,0.13079268,-0.9914097,0.067421794,37.643646
P000722,2019-06-24,694109.06,3.7599415e+06,-6.901214731235065,33.96812394983385,13.972159,1.5975883,0.050325416,0.030825056,0.10880534,0.31245822,0.18538591,1037.0142,4616.3066,27.760702,59.280655,3.4438112,870.7861,0.13079268,-0.9914097,0.067421794,35.305286
P000723,2019-06-24,694370.94,3.7599415e+06,-6.898378520957952,33.96812394983385,14.965326,1.4500057,-0.008534083,0.011167516,0.15236418,0.30055106,0.21158756,1296.3296,4483.3193,27.760702,59.280655,3.4438112,870.7861,0.13079268,-0.9914097,0.067421794,35.433064
P000724,2019-06-24,694632.75,3.7599415e+06,-6.8955423106808365,33.96812394983385,18.821192,1.2984691,0.04114562,0.09140688,0.18982114,0.30454308,0.23899144,1555.583,4361.7363,27.760702,59.280655,3.4438112,870.7861,0.13079268,-0.9914097,0.067421794,37.058403
P000725,2019-06-24,694894.56,3.7599415e+06,-6.892706100403723,33.96812394983385,20.140812,1.144043,0.059694078,0.09640629,0.29166484,0.32606265,0.31745508,1814.8365,4252.5005,27.760702,59.280655,3.4438112,870.7861,0.13079268,-0.9914097,0.067421794,38.006527
P000726,2019-06-24,695156.4,3.7599415e+06,-6.889869890126609,33.96812394983385,18.513771,0.9878471,0.07688242,0.11182778,0.26946914,0.36091462,0.31353486,2074.09,4095.924,27.760702,59.280655,3.4438112,870.7861,0.13079268,-0.9914097,0.067421794,36.416164
P000727,2019-06-24,695418.2,3.7599415e+06,-6.8870336798494955,33.96812394983385,22.0956,0.96898586,0.054125514,0.1128062,0.30561927,0.4004475,0.35176978,2333.3438,3851.5085,27.760702,59.280655,3.4438112,870.7861,0.13079268,-0.9914097,0.067421794,38.431686
P000728,2019-06-24,695680.0,3.7599415e+06,-6.884197469572381,33.96812394983385,22.088484,1.1253185,0.057545938,0.10926874,0.25749442,0.43442905,0.32861614,2592.5972,3609.1646,27.760702,59.280655,3.4438112,870.7861,0.13079268,-0.9914097,0.067421794,38.098335
P000729,2019-06-24,695941.8,3.7599415e+06,-6.881361259295266,33.96812394983385,23.894585,1.2800171,0.08138503,0.1511338,0.2755006,0.45444947,0.3462677,2851.8506,3369.3389,27.760702,59.280655,3.4438112,870.7861,0.13079268,-0.9914097,0.067421794,36.84747
P000730,2019-06-24,696203.6,3.7599415e+06,-6.878525049018153,33.96812394983385,25.37645,1.4319601,,0.13404524,0.34541914,0.4566989,0.39328566,3111.1042,3132.6099,27.760702,59.280655,3.4438112,870.7861,0.13079268,-0.9914097,0.067421794,38.458435
P000731,2019-06-24,696465.44,3.7599415e+06,-6.875688838741039,33.96812394983385,27.407331,1.5800453,0.04355717,0.15256707,0.34379083,0.443182,0.38381523,3370.3577,2899.736,27.760702,59.280655,3.4438112,870.7861,0.13079268,-0.9914097,0.067421794,38.752968
P000732,2019-06-24,696727.25,3.7599415e+06,-6.872852628463925,33.96812394983385,27.76566,1.7231989,0.111488394,0.09218369,0.3692514,0.4209687,0.38928843,3629.6113,2671.7258,27.760702,59.280655,3.4438112,870.7861,0.13079268,-0.9914097,0.067421794,39.196236
P000733,2019-06-24,696989.06,3.7599415e+06,-6.87001641818681,33.96812394983385,30.883316,1.8603829,0.12045888,0.0799393,0.34774137,0.39974764,0.36124894,3888.8647,2449.9375,27.760702,59.280655,3.4438112,870.7861,0.13079268,-0.9914097,0.067421794,37.168953
P000734,2019-06-24,697250.94,3.7599415e+06,-6.867180207909697,33.96812394983385,31.16979,1.9906325,0.17051959,0.07327395,0.3644465,0.38852665,0.36258584,4148.18,2236.173,27.760702,59.280655,3.4438112,870.7861,0.13079268,-0.9914097,0.067421794,37.269337
P000735,2019-06-24,697512.75,3.7599415e+06,-6.864343997632583,33.96812394983385,33.245647,2.1129413,0.21531355,0.07030222,0.35754007,0.3926195,0.35212585,4407.4336,2033.083,27.760702,59.280655,3.4438112,870.7861,0.13079268,-0.9914097,0.067421794,36.78923
P000736,2019-06-24,697774.56,3.7599415e+06,-6.861507787355469,33.96812394983385,33.293125,2.2264538,0.24302593,0.06897566,0.37477446,0.41191304,0.3636333,4666.6875,1844.1278,27.760702,59.280655,3.4438112,870.7861,0.13079268,-0.9914097,0.067421794,36.11986
P000737,2019-06-24,698036.4,3.7599415e+06,-6.858671577078355,33.96812394983385,38.78268,2.3303473,0.26036993,0.017092993,0.3714605,0.44105095,0.36444288,4925.941,1674.1006,27.760702,59.280655,3.4438112,870.7861,0.13079268,-0.9914097,0.067421794,36.419983
P000738,2019-06-24,698298.2,3.7599415e+06,-6.855835366801242,33.96812394983385,38.759212,2.423868,0.40001562,0.023561101,0.28445047,0.471408,0.30788788,5185.1943,1529.3278,27.760702,59.280655,3.4438112,870.7861,0.13079268,-0.9914097,0.067421794,34.537453
P000739,2019-06-24,698560.0,3.7599415e+06,-6.852999156524127,33.96812394983385,41.154747,2.5063381,0.3314217,-0.021328589,0.2648225,0.4941845,0.29719254,5444.4478,1417.5679,27.760702,59.280655,3.4438112,870.7861,0.13079268,-0.9914097,0.067421794,34.50773
P000740,2019-06-24,698821.8,3.7599415e+06,-6.850162946247012,33.96812394983385,40.565277,2.5771592,0.41286287,0.018564906,0.3870315,0.5035411,0.38289627,5703.701,1347.063,27.760702,59.280655,3.4438112,870.7861,0.13079268,-0.9914097,0.067421794,35.7482
P000741,2019-06-24,699083.6,3.7599415e+06,-6.847326735969899,33.96812394983385,43.78211,2.635818,0.39021504,0.008202653,0.40927127,0.49868527,0.3957651,5962.955,1324.4182,27.760702,59.280655,3.4438112,870.7861,0.13079268,-0.9914097,0.067421794,36.0296
P000742,2019-06-24,699345.44,3.7599415e+06,-6.844490525692784,33.96812394983385,48.587696,2.6818888,0.33625048,0.0048000524,0.3551148,0.484183,0.35399908,6222.2085,1352.0404,27.760702,59.280655,3.4438112,870.7861,0.13079268,-0.9914097,0.067421794,36.38668
P000743,2019-06-24,699607.25,3.7599415e+06,-6.841654315415671,33.96812394983385,49.8128,2.7150378,0.369423,0.08436111,0.35547945,0.46838042,0.35203868,6481.462,1427.0135,27.760702,59.280655,3.4438112,870.7861,0.13079268,-0.9914097,0.067421794,33.848217
P000744,2019-06-24,699869.06,3.7599415e+06,-6.838818105138556,33.96812394983385,49.541557,2.7350245,0.27195954,0.030241497,0.4587049,0.4604715,0.42661327,6574.874,1542.4484,27.760702,59.280655,3.4438112,870.7861,0.13079268,-0.9914097,0.067421794,36.275593
P000745,2019-06-24,700130.94,3.7599415e+06,-6.835981894861443,33.96812394983385,55.423393,2.741704,0.3247414,0.09536743,0.5251254,0.4672207,0.4818494,6423.329,1690.1127,27.760702,59.280655,3.4438112,870.7861,0.13079268,-0.9914097,0.067421794,36.964794
P000746,2019-06-24,700392.75,3.7599415e+06,-6.833145684584329,33.96812394983385,55.796486,2.7350245,0.246844,0.19950348,0.5928174,0.49045387,0.54448295,6276.033,1862.2947,27.760702,59.280655,3.4438112,870.7861,0.13079268,-0.9914097,0.067421794,39.080475
P000747,2019-06-24,700654.56,3.7599415e+06,-6.8303094743072155,33.96812394983385,60.309906,2.7150378,0.25679222,0.17007662,0.582885,0.5262216,0.5573537,6133.253,2052.8584,27.760702,59.280655,3.4438112,870.7861,0.13079268,-0.9914097,0.067421794,39.22104
P000748,2019-06-24,700916.4,3.7599415e+06,-6.8274732640301,33.96812394983385,60.538235,2.6818888,0.089993596,0.23001686,0.5821576,0.56591487,0.577747,5995.3105,2257.1526,27.760702,59.280655,3.4438112,870.7861,0.13079268,-0.9914097,0.067421794,39.100044
P000749,2019-06-24,701178.2,3.7599415e+06,-6.824637053752987,33.96812394983385,62.744324,2.635818,0.08299991,0.25996712,0.58816963,0.59898657,0.59987956,5862.548,2471.7751,27.760702,59.280655,3.4438112,870.7861,0.13079268,-0.9914097,0.067421794,40.96462
P000750,2019-06-24,701440.0,3.7599415e+06,-6.821800843475873,33.96812394983385,65.5693,2.5771592,0.063938804,,0.6371327,0.6163693,0.64569753,5735.324,2498.7988,27.760702,59.280655,3.4438112,870.7861,0.13079268,-0.9914097,0.067421794,42.125034
P000751,2019-06-24,701701.8,3.7599415e+06,-6.818964633198758,33.96812394983385,64.51445,2.5063381,0.04044169,0.31528398,0.6363625,0.61344004,0.6486084,5614.0166,2313.0176,27.760702,59.280655,3.4438112,870.7861,0.13079268,-0.9914097,0.067421794,41.559032
P000752,2019-06-24,701963.6,3.7599415e+06,-6.816128422921644,33.96812394983385,65.60649,2.423868,0.065934606,0.28497925,0.5924402,0.5827106,0.6058039,5499.0166,2142.5525,27.760702,59.280655,3.4438112,870.7861,0.13079268,-0.9914097,0.067421794,42.638435
P000753,2019-06-24,702225.44,3.7599415e+06,-6.81329221264453,33.96812394983385,67.53582,2.3303473,0.07947266,,0.66780454,0.5371468,0.63897485,5390.728,1991.3401,27.760702,59.280655,3.4438112,870.7861,0.13079268,-0.9914097,0.067421794,42.53415
P000754,2019-06-24,702487.25,3.7599415e+06,-6.810456002367417,33.96812394983385,69.51212,2.2264538,0.13017987,0.23529498,0.62489843,0.49094063,0.5892064,5289.5625,1864.0721,27.760702,59.280655,3.4438112,870.7861,0.13079268,-0.9914097,0.067421794,41.32038
P000755,2019-06-24,702749.06,3.7599415e+06,-6.8076197920903025,33.96812394983385,67.460304,2.1129413,0.09522914,0.19208443,0.56877095,0.45450503,0.53410536,5195.9365,1765.933,27.760702,59.280655,3.4438112,870.7861,0.13079268,-0.9914097,0.067421794,41.34949
P000756,2019-06-24,703010.94,3.7599415e+06,-6.804783581813189,33.96812394983385,67.40712,1.9906024,0.19217621,0.1250448,0.4656576,0.43486413,0.4529148,5110.2446,1701.958,27.760702,59.280655,3.4438112,870.7861,0.13079268,-0.9914097,0.067421794,36.960247
P000757,2019-06-24,703272.75,3.7599415e+06,-6.801947371536074,33.96812394983385,70.59184,1.8603829,0.11912884,0.18806338,0.5005333,0.4334252,0.47592944,5032.9346,1676.0958,27.760702,59.280655,3.4438112,870.7861,0.13079268,-0.9914097,0.067421794,38.003372
P000758,2019-06-24,703534.56,3.7599415e+06,-6.799111161258961,33.96812394983385,68.951996,1.7231989,0.15200277,0.1290537,0.47027174,0.4455955,0.4594918,4964.3755,1690.0763,27.760702,59.280655,3.4438112,870.7861,0.13079268,-0.9914097,0.067421794,38.90535
P000759,2019-06-24,703796.4,3.7599415e+06,-6.7962749509818465,33.96812394983385,69.19131,1.5800453,0.11052564,0.1519803,0.44497326,0.46245807,0.44947523,4904.9336,1742.941,27.760702,59.280655,3.4438112,870.7861,0.13079268,-0.9914097,0.067421794,39.876865
P000760,2019-06-24,704058.2,3.7599415e+06,-6.793438740704733,33.96812394983385,67.37143,1.4319601,0.18805593,0.14879754,0.45806208,0.4738583,0.46545124,4854.945,1831.3257,27.760702,59.280655,3.4438112,870.7861,0.13079268,-0.9914097,0.067421794,40.39928
P000761,2019-06-24,704320.0,3.7599415e+06,-6.790602530427618,33.96812394983385,68.70911,1.2800171,0.101562716,0.15731493,0.42303827,0.47188222,0.44370055,4814.7026,1950.4073,27.760702,59.280655,3.4438112,870.7861,0.13079268,-0.9914097,0.067421794,39.73394
P000762,2019-06-24,704581.8,3.7599415e+06,-6.787766320150504,33.96812394983385,69.45797,1.1253185,0.10403451,0.1875324,0.4131201,0.4535331,0.4339918,4784.4536,2094.958,27.760702,59.280655,3.4438112,870.7861,0.13079268,-0.9914097,0.067421794,39.030163
P000763,2019-06-24,704843.6,3.7599415e+06,-6.7849301098733905,33.96812394983385,70.573364,0.96898586,0.03920828,0.19235177,0.39448944,0.4216959,0.41327888,4764.388,2260.096,27.760702,59.280655,3.4438112,870.7861,0.13079268,-0.9914097,0.067421794,39.002136
P000764,2019-06-24,705105.44,3.7599415e+06,-6.782093899596276,33.96812394983385,68.59048,0.9878471,0.070806906,0.14612134,0.366849,0.3840714,0.38377795,4754.635,2441.6475,27.760702,59.280655,3.4438112,870.7861,0.13079268,-0.9914097,0.067421794,38.66123
P000765,2019-06-24,705367.25,3.7599415e+06,-6.779257689319163,33.96812394983385,71.64982,1.144043,0.08555266,0.074067555,0.27279526,0.35046154,0.30859923,4755.2573,2636.2239,27.760702,59.280655,3.4438112,870.7861,0.13079268,-0.9914097,0.067421794,37.923203
P000766,2019-06-24,705629.06,3.7599415e+06,-6.776421479042048,33.96812394983385,69.0816,1.2984691,0.06760888,0.16044301,0.31640947,0.32935065,0.3335508,4766.251,2841.1504,27.760702,59.280655,3.4438112,870.7861,0.13079268,-0.9914097,0.067421794,38.755146
P000767,2019-06-24,705890.94,3.7599415e+06,-6.7735852687649345,33.96812394983385,69.428375,1.4500413,0.049316417,0.123405665,0.27097678,0.32496586,0.30147788,4787.552,3054.3962,27.760702,59.280655,3.4438112,870.7861,0.13079268,-0.9914097,0.067421794,35.581238
P000768,2019-06-24,706152.75,3.7599415e+06,-6.77074905848782,33.96812394983385,72.54172,1.5975883,0.044664443,0.07314847,0.22220941,0.335823,0.27196822,4819.012,3274.2444,27.760702,59.280655,3.4438112,870.7861,0.13079268,-0.9914097,0.067421794,37.609493
P000769,2019-06-24,706414.56,3.7599415e+06,-6.767912848210707,33.96812394983385,71.50038,1.7400763,0.00469223,0.12985311,0.3028739,0.35524777,0.33574075,4860.4385,3499.4917,27.760702,59.280655,3.4438112,870.7861,0.13079268,-0.9914097,0.067421794,37.076904
P000770,2019-06-24,706676.4,3.7599415e+06,-6.765076637933593,33.96812394983385,71.22892,1.8764724,0.034208696,0.091809854,0.28267634,0.37370148,0.3283554,4911.579,3729.1597,27.760702,59.280655,3.4438112,870.7861,0.13079268,-0.9914097,0.067421794,37.438633
P000771,2019-06-24,706938.2,3.7599415e+06,-6.762240427656479,33.96812394983385,72.43676,2.0057874,0.07292745,0.053213187,0.24952509,0.38208088,0.30824253,4972.1343,3962.48,27.760702,59.280655,3.4438112,870.7861,0.13079268,-0.9914097,0.067421794,37.043785
P000772,2019-06-24,707200.0,3.7599415e+06,-6.759404217379364,33.96812394983385,75.0556,2.127083,0.041137163,0.053207554,0.1926069,0.3748699,0.26595822,5041.7646,4198.8433,27.760702,59.280655,3.4438112,870.7861,0.13079268,-0.9914097,0.067421794,36.593327
P000773,2019-06-24,693061.8,3.760244e+06,-6.91255957234352,33.97085996416703,12.525708,1.7848377,0.048355047,0.04098854,0.1874009,0.3834018,0.26536134,0.0,5029.289,27.760702,59.280655,3.4438112,870.7861,0.13079268,-0.9914097,0.067421794,37.553913
P000774,2019-06-24,693323.6,3.760244e+06,-6.909723362066407,33.97085996416703,10.9387665,1.6973724,0.06638983,0.08673062,0.15135044,0.38884225,0.24201867,259.25354,4852.4414,27.760702,59.280655,3.4438112,870.7861,0.13079268,-0.9914097,0.067421794,37.140182
P000775,2019-06-24,693585.44,3.760244e+06,-6.9068871517892925,33.97085996416703,13.022931,1.6041247,0.057961285,0.0346214,0.1702316,0.37872687,0.25167182,518.5071,4683.2734,27.760702,59.280655,3.4438112,870.7861,0.13079268,-0.9914097,0.067421794,35.624928
P000776,2019-06-24,693847.25,3.760244e+06,-6.904050941512179,33.97085996416703,14.340256,1.5057708,0.028652735,0.110874474,0.13851947,0.3586807,0.22241175,777.76056,4522.647,27.760702,59.280655,3.4438112,870.7861,0.13079268,-0.9914097,0.067421794,35.639652
P000777,2019-06-24,694109.06,3.760244e+06,-6.901214731235065,33.97085996416703,14.211446,1.4030241,0.04717678,0.08678594,0.2057933,0.337953,0.26216328,1037.0142,4371.504,27.760702,59.280655,3.4438112,870.7861,0.13079268,-0.9914097,0.067421794,37.234955
P000778,2019-06-24,694370.94,3.760244e+06,-6.898378520957952,33.97085996416703,16.497742,1.2966037,0.05811239,0.06606523,0.21050094,0.3262554,0.2612094,1296.3296,4230.8286,27.760702,59.280655,3.4438112,870.7861,0.13079268,-0.9914097,0.067421794,36.075073
P000779,2019-06-24,694632.75,3.760244e+06,-6.8955423106808365,33.97085996416703,17.749195,1.1873322,0.037122246,0.043046772,0.18048346,0.33043897,0.24139053,1555.583,4101.7686,27.760702,59.280655,3.4438112,870.7861,0.13079268,-0.9914097,0.067421794,36.016346
P000780,2019-06-24,694894.56,3.760244e+06,-6.892706100403723,33.97085996416703,20.301302,1.075977,0.075762555,0.11647851,0.24287172,0.3521053,0.29218963,1814.8365,3985.4138,27.760702,59.280655,3.4438112,870.7861,0.13079268,-0.9914097,0.067421794,37.052723
P000781,2019-06-24,695156.4,3.760244e+06,-6.889869890126609,33.97085996416703,21.58812,0.9633457,0.04356339,0.10998735,0.26089063,0.38702068,0.3162845,2074.09,3882.907,27.760702,59.280655,3.4438112,870.7861,0.13079268,-0.9914097,0.067421794,36.582684
P000782,2019-06-24,695418.2,3.760244e+06,-6.8870336798494955,33.97085996416703,20.97107,0.949745,0.065443374,0.12008376,0.34539053,0.42648187,0.38809386,2333.3438,3760.908,27.760702,59.280655,3.4438112,870.7861,0.13079268,-0.9914097,0.067421794,36.760048
P000783,2019-06-24,695680.0,3.760244e+06,-6.884197469572381,33.97085996416703,22.362877,1.062475,0.033867814,0.18168208,0.3315066,0.46019173,0.38844582,2592.5972,3512.318,27.760702,59.280655,3.4438112,870.7861,0.13079268,-0.9914097,0.067421794,39.119347
P000784,2019-06-24,695941.8,3.760244e+06,-6.881361259295266,33.97085996416703,24.703722,1.1740267,0.049101025,0.13362075,0.31629017,0.47966543,0.3821199,2851.8506,3265.3872,27.760702,59.280655,3.4438112,870.7861,0.13079268,-0.9914097,0.067421794,37.27517
P000785,2019-06-24,696203.6,3.760244e+06,-6.878525049018153,33.97085996416703,24.532597,1.2835913,0.048207387,0.12952825,0.33716017,0.48101467,0.3937549,3111.1042,3020.5222,27.760702,59.280655,3.4438112,870.7861,0.13079268,-0.9914097,0.067421794,38.306038
P000786,2019-06-24,696465.44,3.760244e+06,-6.875688838741039,33.97085996416703,27.31946,1.3903741,0.11374808,0.15974581,0.3384388,0.46617383,0.3848819,3370.3577,2778.269,27.760702,59.280655,3.4438112,870.7861,0.13079268,-0.9914097,0.067421794,37.832706
P000787,2019-06-24,696727.25,3.760244e+06,-6.872852628463925,33.97085996416703,27.94523,1.4936007,0.087541945,0.119259715,0.33333203,0.4421652,0.3670918,3629.6113,2539.3757,27.760702,59.280655,3.4438112,870.7861,0.13079268,-0.9914097,0.067421794,39.099846
P000788,2019-06-24,696989.06,3.760244e+06,-6.87001641818681,33.97085996416703,28.394016,1.5925227,0.18770647,0.09023574,0.30086094,0.41866988,0.3290805,3888.8647,2304.887,27.760702,59.280655,3.4438112,870.7861,0.13079268,-0.9914097,0.067421794,37.060722
P000789,2019-06-24,697250.94,3.760244e+06,-6.867180207909697,33.97085996416703,29.99434,1.6864445,0.19909059,0.024973197,0.32682964,0.40474325,0.33421528,4148.18,2076.2417,27.760702,59.280655,3.4438112,870.7861,0.13079268,-0.9914097,0.067421794,34.433823
P000790,2019-06-24,697512.75,3.760244e+06,-6.864343997632583,33.97085996416703,34.55064,1.7746401,0.31013837,0.041611403,0.29548162,0.40581486,0.30367893,4407.4336,1855.7305,27.760702,59.280655,3.4438112,870.7861,0.13079268,-0.9914097,0.067421794,35.911125
P000791,2019-06-24,697774.56,3.760244e+06,-6.861507787355469,33.97085996416703,34.391632,1.8564929,0.33612022,-0.028426414,0.26523775,0.42195266,0.2788693,4666.6875,1646.5469,27.760702,59.280655,3.4438112,870.7861,0.13079268,-0.9914097,0.067421794,34.1855
P000792,2019-06-24,698036.4,3.760244e+06,-6.858671577078355,33.97085996416703,38.410812,1.9314094,0.33782053,0.032442946,0.31468385,0.44803792,0.31362978,4925.941,1453.5895,27.760702,59.280655,3.4438112,870.7861,0.13079268,-0.9914097,0.067421794,36.534336
P000793,2019-06-24,698298.2,3.760244e+06,-6.855835366801242,33.97085996416703,37.787952,1.9988463,0.4977689,-0.04541334,0.30149856,0.4757144,0.30611655,5185.1943,1284.1935,27.760702,59.280655,3.4438112,870.7861,0.13079268,-0.9914097,0.067421794,32.878815
P000794,2019-06-24,698560.0,3.760244e+06,-6.852999156524127,33.97085996416703,40.81143,2.0583146,0.43953907,-0.056799278,0.22231008,0.4964485,0.2516807,5444.4478,1148.829,27.760702,59.280655,3.4438112,870.7861,0.13079268,-0.9914097,0.067421794,33.43084
P000795,2019-06-24,698821.8,3.760244e+06,-6.850162946247012,33.97085996416703,45.478645,2.109383,0.5105509,-0.058544025,0.28595352,0.50462514,0.295132,5703.701,1060.6074,27.760702,59.280655,3.4438112,870.7861,0.13079268,-0.9914097,0.067421794,32.481617
P000796,2019-06-24,699083.6,3.760244e+06,-6.847326735969899,33.97085996416703,43.55855,2.1516814,0.48992532,-5.6202316e-05,0.3403179,0.49959853,0.33015788,5962.955,1031.6942,27.760702,59.280655,3.4438112,870.7861,0.13079268,-0.9914097,0.067421794,34.811207
P000797,2019-06-24,699345.44,3.760244e+06,-6.844490525692784,33.97085996416703,44.82582,2.1849027,0.5217507,-0.057613242,0.36787882,0.48597932,0.34623307,6222.2085,1066.922,27.760702,59.280655,3.4438112,870.7861,0.13079268,-0.9914097,0.067421794,33.4484
P000798,2019-06-24,699607.25,3.760244e+06,-6.841654315415671,33.97085996416703,50.954693,2.208806,0.47110328,0.02550027,0.40121958,0.47204795,0.36890787,6481.462,1160.4641,27.760702,59.280655,3.4438112,870.7861,0.13079268,-0.9914097,0.067421794,35.354298
P000799,2019-06-24,699869.06,3.760244e+06,-6.838818105138556,33.97085996416703,50.729305,2.2232182,0.37189168,0.058528412,0.40829784,0.4668326,0.37849808,6400.7163,1299.7909,27.760702,59.280655,3.4438112,870.7861,0.13079268,-0.9914097,0.067421794,36.34721
P000800,2019-06-24,700130.94,3.760244e+06,-6.835981894861443,33.97085996416703,53.978584,2.2280347,0.36825714,0.06450017,0.42324096,0.47685918,0.4005733,6244.947,1472.0021,27.760702,59.280655,3.4438112,870.7861,0.13079268,-0.9914097,0.067421794,34.442192
P000801,2019-06-24,700392.75,3.760244e+06,-6.833145684584329,33.97085996416703,55.517765,2.2232182,0.3404641,0.07480938,0.46177563,0.5036753,0.4459766,6093.3403,1666.8687,27.760702,59.280655,3.4438112,870.7861,0.13079268,-0.9914097,0.067421794,37.725986
P000802,2019-06-24,700654.56,3.760244e+06,-6.8303094743072155,33.97085996416703,58.660843,2.208806,0.22832629,0.14220437,0.5565194,0.54305744,0.5353623,5946.1743,1877.3749,27.760702,59.280655,3.4438112,870.7861,0.13079268,-0.9914097,0.067421794,38.85034
P000803,2019-06-24,700916.4,3.760244e+06,-6.8274732640301,33.97085996416703,59.183342,2.1849027,0.16205198,0.20002595,0.5976699,0.5861576,0.5881592,5803.7876,2098.8203,27.760702,59.280655,3.4438112,870.7861,0.13079268,-0.9914097,0.067421794,39.0208
P000804,2019-06-24,701178.2,3.760244e+06,-6.824637053752987,33.97085996416703,61.929028,2.1516814,0.131702,0.30906308,0.6626162,0.6222485,0.6543205,5666.539,2328.0854,27.760702,59.280655,3.4438112,870.7861,0.13079268,-0.9914097,0.067421794,40.619953
P000805,2019-06-24,701440.0,3.760244e+06,-6.821800843475873,33.97085996416703,64.31614,2.109383,0.05416777,0.315276,0.6813201,0.6421515,0.68131644,5534.812,2563.0728,27.760702,59.280655,3.4438112,870.7861,0.13079268,-0.9914097,0.067421794,41.15774
P000806,2019-06-24,701701.8,3.760244e+06,-6.818964633198758,33.97085996416703,63.989365,2.0583146,0.057676632,0.2865012,0.65519786,0.6411997,0.66838396,5409.01,2533.1426,27.760702,59.280655,3.4438112,870.7861,0.13079268,-0.9914097,0.067421794,41.938732
P000807,2019-06-24,701963.6,3.760244e+06,-6.816128422921644,33.97085996416703,65.56289,1.9988463,0.05852926,0.3235791,0.6252988,0.62073445,0.6447465,5289.5547,2378.506,27.760702,59.280655,3.4438112,870.7861,0.13079268,-0.9914097,0.067421794,40.24684
P000808,2019-06-24,702225.44,3.760244e+06,-6.81329221264453,33.97085996416703,66.96825,1.9314094,0.039948612,0.29447123,0.64855206,0.5832886,0.6488934,5176.886,2243.2559,27.760702,59.280655,3.4438112,870.7861,0.13079268,-0.9914097,0.067421794,40.921112
P000809,2019-06-24,702487.25,3.760244e+06,-6.810456002367417,33.97085996416703,66.43771,1.8564929,0.021018373,0.32731143,0.64246315,0.53957415,0.62733424,5071.4565,2131.0857,27.760702,59.280655,3.4438112,870.7861,0.13079268,-0.9914097,0.067421794,41.873646
P000810,2019-06-24,702749.06,3.760244e+06,-6.8076197920903025,33.97085996416703,68.21247,1.7746401,0.09790466,0.26777247,0.6021397,0.5051917,0.5853589,4973.7266,2045.7958,27.760702,59.280655,3.4438112,870.7861,0.13079268,-0.9914097,0.067421794,41.4825
P000811,2019-06-24,703010.94,3.760244e+06,-6.804783581813189,33.97085996416703,69.251915,1.6864227,0.055678565,0.2528847,0.5636146,0.4868333,0.55076796,4884.1377,1990.8346,27.760702,59.280655,3.4438112,870.7861,0.13079268,-0.9914097,0.067421794,41.683315
P000812,2019-06-24,703272.75,3.760244e+06,-6.801947371536074,33.97085996416703,68.87047,1.5925227,0.040987827,0.18572825,0.5683914,0.48565555,0.553198,4803.19,1968.7708,27.760702,59.280655,3.4438112,870.7861,0.13079268,-0.9914097,0.067421794,40.237495
P000813,2019-06-24,703534.56,3.760244e+06,-6.799111161258961,33.97085996416703,69.14832,1.4936007,0.07461915,0.19910209,0.5189957,0.49696067,0.5228501,4731.3027,1980.6865,27.760702,59.280655,3.4438112,870.7861,0.13079268,-0.9914097,0.067421794,41.83043
P000814,2019-06-24,703796.4,3.760244e+06,-6.7962749509818465,33.97085996416703,69.49249,1.3903741,0.064832546,0.16270694,0.4929586,0.5118992,0.5108564,4668.8945,2025.9823,27.760702,59.280655,3.4438112,870.7861,0.13079268,-0.9914097,0.067421794,40.29787
P000815,2019-06-24,704058.2,3.760244e+06,-6.793438740704733,33.97085996416703,68.72545,1.2835913,0.05425722,0.22045843,0.5047529,0.5205411,0.52372,4616.35,2102.502,27.760702,59.280655,3.4438112,870.7861,0.13079268,-0.9914097,0.067421794,39.625164
P000816,2019-06-24,704320.0,3.760244e+06,-6.790602530427618,33.97085996416703,70.324875,1.1740267,0.08644785,0.22633423,0.4584611,0.5152999,0.49141964,4574.01,2207.0002,27.760702,59.280655,3.4438112,870.7861,0.13079268,-0.9914097,0.067421794,38.519737
P000817,2019-06-24,704581.8,3.760244e+06,-6.787766320150504,33.97085996416703,71.22002,1.062475,0.028401796,0.17945172,0.4587067,0.49353474,0.4860234,4542.158,2335.7246,27.760702,59.280655,3.4438112,870.7861,0.13079268,-0.9914097,0.067421794,37.506145
P000818,2019-06-24,704843.6,3.760244e+06,-6.7849301098733905,33.97085996416703,68.98527,0.949745,0.021288555,0.19928674,0.43574303,0.45844367,0.45961308,4521.017,2484.9133,27.760702,59.280655,3.4438112,870.7861,0.13079268,-0.9914097,0.067421794,40.115
P000819,2019-06-24,705105.44,3.760244e+06,-6.782093899596276,33.97085996416703,70.23629,0.9633457,0.060849577,0.1483152,0.36051884,0.4179499,0.39447406,4510.738,2651.1138,27.760702,59.280655,3.4438112,870.7861,0.13079268,-0.9914097,0.067421794,38.017166
P000820,2019-06-24,705367.25,3.760244e+06,-6.779257689319163,33.97085996416703,69.559875,1.075977,0.008744948,0.14130783,0.35619313,0.38196963,0.38021094,4511.3936,2831.3315,27.760702,59.280655,3.4438112,870.7861,0.13079268,-0.9914097,0.067421794,38.75165
P000821,2019-06-24,705629.06,3.760244e+06,-6.776421479042048,33.97085996416703,70.57176,1.1873322,0.040205285,0.13385585,0.39496538,0.3590047,0.4003287,4522.9805,3023.0608,27.760702,59.280655,3.4438112,870.7861,0.13079268,-0.9914097,0.067421794,39.149853
P000822,2019-06-24,705890.94,3.760244e+06,-6.7735852687649345,33.97085996416703,72.39585,1.2966294,0.05633142,0.12891768,0.2752836,0.35323074,0.31523955,4545.421,3224.2979,27.760702,59.280655,3.4438112,870.7861,0.13079268,-0.9914097,0.067421794,38.169033
P000823,2019-06-24,706152.75,3.760244e+06,-6.77074905848782,33.97085996416703,71.60982,1.4030241,0.036892503,0.15877366,0.2137014,0.36307746,0.27604225,4578.5454,3433.2837,27.760702,59.280655,3.4438112,870.7861,0.13079268,-0.9914097,0.067421794,36.322445
P000824,2019-06-24,706414.56,3.760244e+06,-6.767912848210707,33.97085996416703,69.449905,1.5057708,0.115175016,0.09654714,0.19567823,0.38177598,0.27025566,4622.128,3648.726,27.760702,59.280655,3.4438112,870.7861,0.13079268,-0.9914097,0.067421794,36.637
P000825,2019-06-24,706676.4,3.760244e+06,-6.765076637933593,33.97085996416703,72.79178,1.6041247,-0.029706625,0.06338474,0.2367238,0.39970362,0.30542716,4675.8755,3869.5469,27.760702,59.280655,3.4438112,870.7861,0.13079268,-0.9914097,0.067421794,37.258797
P000826,2019-06-24,706938.2,3.760244e+06,-6.762240427656479,33.97085996416703,74.47807,1.6973724,0.035668314,0.1012225,0.21384287,0.407692,0.29229623,4739.443,4094.8757,27.760702,59.280655,3.4438112,870.7861,0.13079268,-0.9914097,0.067421794,35.812
P000827,2019-06-24,707200.0,3.760244e+06,-6.759404217379364,33.97085996416703,73.55806,1.7848377,0.10277262,0.09200449,0.1881031,0.40017912,0.27169502,4812.4414,4324.0083,27.760702,59.280655,3.4438112,870.7861,0.13079268,-0.9914097,0.067421794,35.421124
P000828,2019-06-24,693061.8,3.7605462e+06,-6.91255957234352,33.97359597850022,12.442199,1.4344659,0.04944694,0.1149971,0.18387179,0.4102571,0.27228835,0.0,4823.537,27.760702,59.280655,3.4438112,870.7861,0.13079268,-0.9914097,0.067421794,38.124737
P000829,2019-06-24,693323.6,3.7605462e+06,-6.909723362066407,33.97359597850022,11.571634,1.3816345,0.0776009,0.0059236586,0.058841445,0.4158099,0.18669684,259.25354,4638.852,27.760702,59.280655,3.4438112,870.7861,0.13079268,-0.9914097,0.067421794,35.19219
P000830,2019-06-24,693585.44,3.7605462e+06,-6.9068871517892925,33.97359597850022,11.771583,1.3253103,0.016104233,0.1030417,0.17868921,0.40581828,0.26706535,518.5071,4461.593,27.760702,59.280655,3.4438112,870.7861,0.13079268,-0.9914097,0.067421794,39.166634
P000831,2019-06-24,693847.25,3.7605462e+06,-6.904050941512179,33.97359597850022,14.881143,1.2659019,0.023455493,0.1211295,0.23338732,0.38590455,0.29832983,777.76056,4292.6797,27.760702,59.280655,3.4438112,870.7861,0.13079268,-0.9914097,0.067421794,36.078636
P000832,2019-06-24,694109.06,3.7605462e+06,-6.901214731235065,33.97359597850022,13.765801,1.2038401,0.08341426,0.12027729,0.1546184,0.36531237,0.23588201,1037.0142,4133.1357,27.760702,59.280655,3.4438112,870.7861,0.13079268,-0.9914097,0.067421794,38.22353
P000833,2019-06-24,694370.94,3.7605462e+06,-6.898378520957952,33.97359597850022,16.753992,1.1395593,0.049964905,0.05233753,0.19750503,0.35374343,0.2616679,1296.3296,3984.0525,27.760702,59.280655,3.4438112,870.7861,0.13079268,-0.9914097,0.067421794,36.21487
P000834,2019-06-24,694632.75,3.7605462e+06,-6.8955423106808365,33.97359597850022,19.762064,1.0735564,-0.017660327,0.09507732,0.20228611,0.35803238,0.26619157,1555.583,3846.7217,27.760702,59.280655,3.4438112,870.7861,0.13079268,-0.9914097,0.067421794,36.80723
P000835,2019-06-24,694894.56,3.7605462e+06,-6.892706100403723,33.97359597850022,17.113432,1.0062948,-0.008301789,0.060190458,0.21594214,0.37975597,0.28280833,1814.8365,3722.4033,27.760702,59.280655,3.4438112,870.7861,0.13079268,-0.9914097,0.067421794,37.86433
P000836,2019-06-24,695156.4,3.7605462e+06,-6.889869890126609,33.97359597850022,19.071848,0.9382625,0.082611375,0.09868374,0.25464278,0.41464502,0.32122567,2074.09,3612.441,27.760702,59.280655,3.4438112,870.7861,0.13079268,-0.9914097,0.067421794,36.804775
P000837,2019-06-24,695418.2,3.7605462e+06,-6.8870336798494955,33.97359597850022,20.590202,0.93004733,0.049038667,0.17120476,0.33428055,0.45394853,0.38934934,2333.3438,3518.181,27.760702,59.280655,3.4438112,870.7861,0.13079268,-0.9914097,0.067421794,38.688625
P000838,2019-06-24,695680.0,3.7605462e+06,-6.884197469572381,33.97359597850022,22.99878,0.99813926,-0.040821962,0.197911,0.36533523,0.4873097,0.4206959,2592.5972,3437.7961,27.760702,59.280655,3.4438112,870.7861,0.13079268,-0.9914097,0.067421794,38.855644
P000839,2019-06-24,695941.8,3.7605462e+06,-6.881361259295266,33.97359597850022,23.913134,1.0655196,0.081300035,0.1005049,0.30326572,0.50617474,0.38086915,2851.8506,3185.093,27.760702,59.280655,3.4438112,870.7861,0.13079268,-0.9914097,0.067421794,37.02338
P000840,2019-06-24,696203.6,3.7605462e+06,-6.878525049018153,33.97359597850022,27.3466,1.1316994,0.093514115,0.14160652,0.39174336,0.50658363,0.43882138,3111.1042,2933.5332,27.760702,59.280655,3.4438112,870.7861,0.13079268,-0.9914097,0.067421794,38.22203
P000841,2019-06-24,696465.44,3.7605462e+06,-6.875688838741039,33.97359597850022,28.175014,1.1961992,0.084592745,0.077909045,0.33123362,0.4904063,0.38532764,3370.3577,2683.4385,27.760702,59.280655,3.4438112,870.7861,0.13079268,-0.9914097,0.067421794,36.835598
P000842,2019-06-24,696727.25,3.7605462e+06,-6.872852628463925,33.97359597850022,29.041485,1.2585509,0.17124224,0.12188812,0.3902919,0.46462217,0.41068643,3629.6113,2435.26,27.760702,59.280655,3.4438112,870.7861,0.13079268,-0.9914097,0.067421794,37.675835
P000843,2019-06-24,696989.06,3.7605462e+06,-6.87001641818681,33.97359597850022,30.103395,1.3183024,0.18450648,0.073188916,0.31822646,0.43890646,0.3427913,3888.8647,2189.6497,27.760702,59.280655,3.4438112,870.7861,0.13079268,-0.9914097,0.067421794,37.57134
P000844,2019-06-24,697250.94,3.7605462e+06,-6.867180207909697,33.97359597850022,31.955187,1.3750337,0.24398376,0.008942061,0.3127182,0.4223598,0.3233657,4148.18,1947.5221,27.760702,59.280655,3.4438112,870.7861,0.13079268,-0.9914097,0.067421794,35.746773
P000845,2019-06-24,697512.75,3.7605462e+06,-6.864343997632583,33.97359597850022,32.083908,1.4283062,0.33725148,-0.017731259,0.30294633,0.42052022,0.30514687,4407.4336,1710.4966,27.760702,59.280655,3.4438112,870.7861,0.13079268,-0.9914097,0.067421794,36.96024
P000846,2019-06-24,697774.56,3.7605462e+06,-6.861507787355469,33.97359597850022,35.868916,1.4777476,0.4319088,-0.021892494,0.38106617,0.4336248,0.35330042,4666.6875,1480.9387,27.760702,59.280655,3.4438112,870.7861,0.13079268,-0.9914097,0.067421794,35.0475
P000847,2019-06-24,698036.4,3.7605462e+06,-6.858671577078355,33.97359597850022,35.318813,1.5229992,0.5153027,-0.08559859,0.27990302,0.45677614,0.27983794,4925.941,1262.9272,27.760702,59.280655,3.4438112,870.7861,0.13079268,-0.9914097,0.067421794,34.565952
P000848,2019-06-24,698298.2,3.7605462e+06,-6.855835366801242,33.97359597850022,39.560677,1.5637329,0.56585836,-0.07105923,0.20977123,0.48186842,0.22998732,5185.1943,1063.5862,27.760702,59.280655,3.4438112,870.7861,0.13079268,-0.9914097,0.067421794,32.877598
P000849,2019-06-24,698560.0,3.7605462e+06,-6.852999156524127,33.97359597850022,41.975597,1.5996534,0.5582397,-0.115587816,0.26040858,0.50061584,0.26450068,5444.4478,895.4724,27.760702,59.280655,3.4438112,870.7861,0.13079268,-0.9914097,0.067421794,33.839874
P000850,2019-06-24,698821.8,3.7605462e+06,-6.850162946247012,33.97359597850022,42.880898,1.6305001,0.6030814,-0.19267006,0.21621785,0.5076122,0.23127459,5703.701,779.0705,27.760702,59.280655,3.4438112,870.7861,0.13079268,-0.9914097,0.067421794,34.117928
P000851,2019-06-24,699083.6,3.7605462e+06,-6.847326735969899,33.97359597850022,44.56135,1.6560494,0.605294,-0.1568149,0.22636455,0.5023491,0.2350151,5962.955,739.22644,27.760702,59.280655,3.4438112,870.7861,0.13079268,-0.9914097,0.067421794,31.860956
P000852,2019-06-24,699345.44,3.7605462e+06,-6.844490525692784,33.97359597850022,47.450027,1.6761159,0.61469525,-0.1488644,0.30259198,0.48947966,0.2857245,6222.2085,787.64545,27.760702,59.280655,3.4438112,870.7861,0.13079268,-0.9914097,0.067421794,32.641506
P000853,2019-06-24,699607.25,3.7605462e+06,-6.841654315415671,33.97359597850022,45.762257,1.6905541,0.5409783,-0.07616599,0.3107574,0.47722474,0.29219326,6395.1724,910.35144,27.760702,59.280655,3.4438112,870.7861,0.13079268,-0.9914097,0.067421794,32.908833
P000854,2019-06-24,699869.06,3.7605462e+06,-6.838818105138556,33.97359597850022,51.788097,1.6992595,0.5314446,-0.0133412,0.36748183,0.4744601,0.33866647,6231.3813,1082.3673,27.760702,59.280655,3.4438112,870.7861,0.13079268,-0.9914097,0.067421794,35.715668
P000855,2019-06-24,700130.94,3.7605462e+06,-6.835981894861443,33.97359597850022,53.491966,1.7021688,0.41623858,0.011008682,0.41210425,0.4874916,0.38416597,6071.269,1284.0767,27.760702,59.280655,3.4438112,870.7861,0.13079268,-0.9914097,0.067421794,36.15136
P000856,2019-06-24,700392.75,3.7605462e+06,-6.833145684584329,33.97359597850022,55.709816,1.6992595,0.37868804,0.103685126,0.4792424,0.51760995,0.45252922,5915.213,1503.5005,27.760702,59.280655,3.4438112,870.7861,0.13079268,-0.9914097,0.067421794,37.4551
P000857,2019-06-24,700654.56,3.7605462e+06,-6.8303094743072155,33.97359597850022,58.668686,1.6905541,0.30849573,0.12897667,0.5364161,0.5603383,0.5186157,5763.5005,1733.9548,27.760702,59.280655,3.4438112,870.7861,0.13079268,-0.9914097,0.067421794,36.71513
P000858,2019-06-24,700916.4,3.7605462e+06,-6.8274732640301,33.97359597850022,59.657486,1.6761159,0.15931647,0.15822701,0.5028666,0.6066075,0.52198666,5616.4844,1971.5754,27.760702,59.280655,3.4438112,870.7861,0.13079268,-0.9914097,0.067421794,38.979584
P000859,2019-06-24,701178.2,3.7605462e+06,-6.824637053752987,33.97359597850022,60.152832,1.6560494,0.16435242,0.2518783,0.6358046,0.6455231,0.6383201,5474.5425,2214.0562,27.760702,59.280655,3.4438112,870.7861,0.13079268,-0.9914097,0.067421794,39.479263
P000860,2019-06-24,701440.0,3.7605462e+06,-6.821800843475873,33.97359597850022,62.948967,1.6305001,0.10878764,0.24549656,0.611242,0.6678033,0.63722837,5338.0796,2459.9604,27.760702,59.280655,3.4438112,870.7861,0.13079268,-0.9914097,0.067421794,40.085503
P000861,2019-06-24,701701.8,3.7605462e+06,-6.818964633198758,33.97359597850022,64.603455,1.5996534,0.06331721,0.31098363,0.6191343,0.6687396,0.6498872,5207.5264,2708.3555,27.760702,59.280655,3.4438112,870.7861,0.13079268,-0.9914097,0.067421794,40.669975
P000862,2019-06-24,701963.6,3.7605462e+06,-6.816128422921644,33.97359597850022,65.86007,1.5637329,0.033122674,0.3512695,0.682702,0.64968336,0.69304734,5083.339,2625.7102,27.760702,59.280655,3.4438112,870.7861,0.13079268,-0.9914097,0.067421794,42.74914
P000863,2019-06-24,702225.44,3.7605462e+06,-6.81329221264453,33.97359597850022,66.910194,1.5229992,0.06454841,0.36295745,0.69468856,0.6175526,0.694193,4965.994,2503.8489,27.760702,59.280655,3.4438112,870.7861,0.13079268,-0.9914097,0.067421794,41.95529
P000864,2019-06-24,702487.25,3.7605462e+06,-6.810456002367417,33.97359597850022,68.75698,1.4777476,0.0134422975,0.32826003,0.6655191,0.58180016,0.66374797,4855.988,2403.8694,27.760702,59.280655,3.4438112,870.7861,0.13079268,-0.9914097,0.067421794,41.3536
P000865,2019-06-24,702749.06,3.7605462e+06,-6.8076197920903025,33.97359597850022,66.814415,1.4283062,-0.008451861,,0.69940394,0.5486736,0.67499644,4753.8306,2328.5925,27.760702,59.280655,3.4438112,870.7861,0.13079268,-0.9914097,0.067421794,43.43333
P000866,2019-06-24,703010.94,3.7605462e+06,-6.804783581813189,33.97359597850022,68.771416,1.3750205,0.060404845,0.3201407,0.6028287,0.53108895,0.6006269,4660.016,2280.4573,27.760702,59.280655,3.4438112,870.7861,0.13079268,-0.9914097,0.067421794,42.07811
P000867,2019-06-24,703272.75,3.7605462e+06,-6.801947371536074,33.97359597850022,70.41259,1.3183024,0.0116063915,0.29120108,0.6142577,0.53004664,0.608006,4575.1045,2261.2212,27.760702,59.280655,3.4438112,870.7861,0.13079268,-0.9914097,0.067421794,41.514225
P000868,2019-06-24,703534.56,3.7605462e+06,-6.799111161258961,33.97359597850022,66.978874,1.2585509,-0.026149502,0.26562327,0.58594185,0.54078376,0.5920821,4499.5747,2271.6033,27.760702,59.280655,3.4438112,870.7861,0.13079268,-0.9914097,0.067421794,41.42101
P000869,2019-06-24,703796.4,3.7605462e+06,-6.7962749509818465,33.97359597850022,69.39578,1.1961992,-0.041809753,0.27153468,0.5816979,0.55449337,0.5944227,4433.9062,2311.2046,27.760702,59.280655,3.4438112,870.7861,0.13079268,-0.9914097,0.067421794,42.950386
P000870,2019-06-24,704058.2,3.7605462e+06,-6.793438740704733,33.97359597850022,68.554375,1.1316994,-0.0019504599,0.27546608,0.56864744,0.56138587,0.5885089,4378.5425,2378.5662,27.760702,59.280655,3.4438112,870.7861,0.13079268,-0.9914097,0.067421794,41.183235
P000871,2019-06-24,704320.0,3.7605462e+06,-6.790602530427618,33.97359597850022,68.87678,1.0655196,0.035219382,0.27940112,0.4974267,0.5540795,0.53708786,4333.8794,2471.4192,27.760702,59.280655,3.4438112,870.7861,0.13079268,-0.9914097,0.067421794,40.503807
P000872,2019-06-24,704581.8,3.7605462e+06,-6.787766320150504,33.97359597850022,68.31739,0.99813926,-0.008950918,0.25860053,0.52985656,0.5301555,0.55246294,4300.2495,2587.02,27.760702,59.280655,3.4438112,870.7861,0.13079268,-0.9914097,0.067421794,41.60349
P000873,2019-06-24,704843.6,3.7605462e+06,-6.7849301098733905,33.97359597850022,69.32255,0.93004733,0.059328757,0.22580397,0.4764659,0.4930076,0.50308245,4277.913,2722.4727,27.760702,59.280655,3.4438112,870.7861,0.13079268,-0.9914097,0.067421794,40.81579
P000874,2019-06-24,705105.44,3.7605462e+06,-6.782093899596276,33.97359597850022,71.91961,0.9382625,0.020447357,0.21629721,0.37599653,0.45069787,0.41880965,4267.0483,2874.9724,27.760702,59.280655,3.4438112,870.7861,0.13079268,-0.9914097,0.067421794,39.208935
P000875,2019-06-24,705367.25,3.7605462e+06,-6.779257689319163,33.97359597850022,68.45298,1.0062948,0.064370774,0.16084673,0.34033978,0.4132141,0.3814247,4267.7417,3041.9568,27.760702,59.280655,3.4438112,870.7861,0.13079268,-0.9914097,0.067421794,37.996727
P000876,2019-06-24,705629.06,3.7605462e+06,-6.776421479042048,33.97359597850022,68.912895,1.0735564,-0.0011649195,0.17392975,0.3745803,0.38906908,0.39746106,4279.9883,3221.1736,27.760702,59.280655,3.4438112,870.7861,0.13079268,-0.9914097,0.067421794,36.40949
P000877,2019-06-24,705890.94,3.7605462e+06,-6.7735852687649345,33.97359597850022,69.191376,1.1395749,0.027303336,0.15965459,0.3336549,0.38240647,0.36684373,4303.696,3410.7417,27.760702,59.280655,3.4438112,870.7861,0.13079268,-0.9914097,0.067421794,38.629436
P000878,2019-06-24,706152.75,3.7605462e+06,-6.77074905848782,33.97359597850022,73.3557,1.2038401,0.08001835,0.15331733,0.30522513,0.39160246,0.35039857,4338.666,3608.9473,27.760702,59.280655,3.4438112,870.7861,0.13079268,-0.9914097,0.067421794,38.59011
P000879,2019-06-24,706414.56,3.7605462e+06,-6.767912848210707,33.97359597850022,71.346436,1.2659019,0.07758418,0.13248262,0.27709603,0.40982902,0.33723325,4384.6333,3814.481,27.760702,59.280655,3.4438112,870.7861,0.13079268,-0.9914097,0.067421794,36.70603
P000880,2019-06-24,706676.4,3.7605462e+06,-6.765076637933593,33.97359597850022,72.573,1.3253103,-0.012865958,0.17028564,0.25751832,0.42741126,0.32976693,4441.2563,4026.221,27.760702,59.280655,3.4438112,870.7861,0.13079268,-0.9914097,0.067421794,38.74649
P000881,2019-06-24,706938.2,3.7605462e+06,-6.762240427656479,33.97359597850022,72.89983,1.3816345,0.031150237,0.117735304,0.25701544,0.43514,0.33216587,4508.1333,4243.2383,27.760702,59.280655,3.4438112,870.7861,0.13079268,-0.9914097,0.067421794,37.41816
P000882,2019-06-24,707200.0,3.7605462e+06,-6.759404217379364,33.97359597850022,73.09779,1.4344659,0.07010403,,0.16203476,0.4274248,0.26300263,4584.816,4464.763,27.760702,59.280655,3.4438112,870.7861,0.13079268,-0.9914097,0.067421794,35.689102
P000883,2019-06-24,693061.8,3.7608488e+06,-6.91255957234352,33.9763319928334,11.468803,1.0787221,0.07423655,0.080286555,0.100987144,0.42749465,0.22030073,0.0,4626.9775,27.760702,59.280655,3.4438112,870.7861,0.13079268,-0.9914097,0.067421794,36.818798
P000884,2019-06-24,693323.6,3.7608488e+06,-6.909723362066407,33.9763319928334,15.852828,1.0610555,0.05768968,0.08585901,0.11486231,0.43310344,0.2319609,259.25354,4434.1133,27.760702,59.280655,3.4438112,870.7861,0.13079268,-0.9914097,0.067421794,34.72517
P000885,2019-06-24,693585.44,3.7608488e+06,-6.9068871517892925,33.9763319928334,15.727298,1.0422212,0.037872788,0.10021229,0.17579578,0.42317247,0.27110705,518.5071,4248.32,27.760702,59.280655,3.4438112,870.7861,0.13079268,-0.9914097,0.067421794,38.04943
P000886,2019-06-24,693847.25,3.7608488e+06,-6.904050941512179,33.9763319928334,14.189939,1.0223553,0.06889304,0.08605079,0.2232774,0.40332165,0.29733506,777.76056,4070.5662,27.760702,59.280655,3.4438112,870.7861,0.13079268,-0.9914097,0.067421794,38.305527
P000887,2019-06-24,694109.06,3.7608488e+06,-6.901214731235065,33.9763319928334,17.151134,1.0016023,0.042601258,0.12804568,0.18006536,0.38279003,0.25978515,1037.0142,3901.951,27.760702,59.280655,3.4438112,870.7861,0.13079268,-0.9914097,0.067421794,37.809704
P000888,2019-06-24,694370.94,3.7608488e+06,-6.898378520957952,33.9763319928334,16.542555,0.9801072,0.05448617,0.058470774,0.12438371,0.37127134,0.21656708,1296.3296,3743.6726,27.760702,59.280655,3.4438112,870.7861,0.13079268,-0.9914097,0.067421794,37.156494
P000889,2019-06-24,694632.75,3.7608488e+06,-6.8955423106808365,33.9763319928334,16.582317,0.9580362,0.05198235,0.08068817,0.17015292,0.37558746,0.24975039,1555.583,3597.1765,27.760702,59.280655,3.4438112,870.7861,0.13079268,-0.9914097,0.067421794,35.06403
P000890,2019-06-24,694894.56,3.7608488e+06,-6.892706100403723,33.9763319928334,21.121084,0.9355444,0.076399714,0.06758401,0.21914223,0.39729577,0.29102522,1814.8365,3463.9136,27.760702,59.280655,3.4438112,870.7861,0.13079268,-0.9914097,0.067421794,35.9335
P000891,2019-06-24,695156.4,3.7608488e+06,-6.889869890126609,33.9763319928334,22.486944,0.91279477,0.08202076,0.12311864,0.24731421,0.43209946,0.32192937,2074.09,3345.4656,27.760702,59.280655,3.4438112,870.7861,0.13079268,-0.9914097,0.067421794,38.137886
P000892,2019-06-24,695418.2,3.7608488e+06,-6.8870336798494955,33.9763319928334,23.564795,0.91004765,0.09583687,0.15996185,0.27024361,0.47121063,0.35011327,2333.3438,3243.4563,27.760702,59.280655,3.4438112,870.7861,0.13079268,-0.9914097,0.067421794,38.40288
P000893,2019-06-24,695680.0,3.7608488e+06,-6.884197469572381,33.9763319928334,22.982857,0.93281716,0.08383537,0.12249056,0.3016538,0.5042262,0.38132292,2592.5972,3159.478,27.760702,59.280655,3.4438112,870.7861,0.13079268,-0.9914097,0.067421794,37.767174
P000894,2019-06-24,695941.8,3.7608488e+06,-6.881361259295266,33.9763319928334,24.611994,0.95534873,0.06669981,0.16044843,0.30192703,0.52253926,0.38456112,2851.8506,3094.999,27.760702,59.280655,3.4438112,870.7861,0.13079268,-0.9914097,0.067421794,39.801296
P000895,2019-06-24,696203.6,3.7608488e+06,-6.878525049018153,33.9763319928334,27.01217,0.97747886,0.062185194,0.1863148,0.35748732,0.52213436,0.41865814,3111.1042,2873.774,27.760702,59.280655,3.4438112,870.7861,0.13079268,-0.9914097,0.067421794,37.48697
P000896,2019-06-24,696465.44,3.7608488e+06,-6.875688838741039,33.9763319928334,27.92484,0.99904716,0.14876297,0.1045819,0.29912078,0.5048321,0.36556977,3370.3577,2617.9766,27.760702,59.280655,3.4438112,870.7861,0.13079268,-0.9914097,0.067421794,36.806404
P000897,2019-06-24,696727.25,3.7608488e+06,-6.872852628463925,33.9763319928334,28.375427,1.0198972,0.17428042,0.12339042,0.28776178,0.47757918,0.34023142,3629.6113,2362.9326,27.760702,59.280655,3.4438112,870.7861,0.13079268,-0.9914097,0.067421794,37.29236
P000898,2019-06-24,696989.06,3.7608488e+06,-6.87001641818681,33.9763319928334,28.355913,1.0398778,0.22156517,0.11006968,0.32265064,0.45004717,0.3454866,3888.8647,2108.9158,27.760702,59.280655,3.4438112,870.7861,0.13079268,-0.9914097,0.067421794,37.34513
P000899,2019-06-24,697250.94,3.7608488e+06,-6.867180207909697,33.9763319928334,31.952982,1.0588484,0.3770242,0.015288114,0.23337243,0.4313728,0.26542512,4148.18,1856.287,27.760702,59.280655,3.4438112,870.7861,0.13079268,-0.9914097,0.067421794,34.766068
P000900,2019-06-24,697512.75,3.7608488e+06,-6.864343997632583,33.9763319928334,34.701614,1.0766623,0.34818205,-0.05486808,0.2768124,0.42717975,0.28225616,4407.4336,1605.8511,27.760702,59.280655,3.4438112,870.7861,0.13079268,-0.9914097,0.067421794,33.11811
P000901,2019-06-24,697774.56,3.7608488e+06,-6.861507787355469,33.9763319928334,33.63921,1.0931952,0.46197796,-0.06404952,0.24021778,0.43783772,0.24782962,4666.6875,1358.7268,27.760702,59.280655,3.4438112,870.7861,0.13079268,-0.9914097,0.067421794,33.377384
P000902,2019-06-24,698036.4,3.7608488e+06,-6.858671577078355,33.9763319928334,37.595047,1.108327,0.55262935,-0.106856994,0.20578519,0.4586226,0.21887344,4925.941,1117.1143,27.760702,59.280655,3.4438112,870.7861,0.13079268,-0.9914097,0.067421794,33.185253
P000903,2019-06-24,698298.2,3.7608488e+06,-6.855835366801242,33.9763319928334,39.062157,1.1219482,0.6302489,-0.14843844,0.24567679,0.48162478,0.2440859,5185.1943,885.5364,27.760702,59.280655,3.4438112,870.7861,0.13079268,-0.9914097,0.067421794,32.73961
P000904,2019-06-24,698560.0,3.7608488e+06,-6.852999156524127,33.9763319928334,41.481155,1.1339598,,-0.1775429,0.15620424,0.4987524,0.17899565,5444.4478,674.4108,27.760702,59.280655,3.4438112,870.7861,0.13079268,-0.9914097,0.067421794,32.34264
P000905,2019-06-24,698821.8,3.7608488e+06,-6.850162946247012,33.9763319928334,43.618195,1.1442747,0.66171074,-0.13944098,0.25003046,0.50476295,0.24142921,5703.701,509.81372,27.760702,59.280655,3.4438112,870.7861,0.13079268,-0.9914097,0.067421794,32.54217
P000906,2019-06-24,699083.6,3.7608488e+06,-6.847326735969899,33.9763319928334,43.792286,1.1528182,0.6794146,-0.1595362,0.18411437,0.4992559,0.1916457,5962.955,446.55893,27.760702,59.280655,3.4438112,870.7861,0.13079268,-0.9914097,0.067421794,30.673922
P000907,2019-06-24,699345.44,3.7608488e+06,-6.844490525692784,33.9763319928334,44.786266,1.1595284,0.7208711,-0.15558052,0.17607263,0.4869185,0.1837904,6222.2085,522.82355,27.760702,59.280655,3.4438112,870.7861,0.13079268,-0.9914097,0.067421794,30.805061
P000908,2019-06-24,699607.25,3.7608488e+06,-6.841654315415671,33.9763319928334,48.21424,1.1643565,0.5704144,-0.13164891,0.2655051,0.4759261,0.2482337,6235.093,694.0453,27.760702,59.280655,3.4438112,870.7861,0.13079268,-0.9914097,0.067421794,31.00327
P000909,2019-06-24,699869.06,3.7608488e+06,-6.838818105138556,33.9763319928334,52.051888,1.1672674,0.5507478,-0.117719874,0.27853602,0.47503668,0.26576814,6066.982,908.00775,27.760702,59.280655,3.4438112,870.7861,0.13079268,-0.9914097,0.067421794,32.96403
P000910,2019-06-24,700130.94,3.7608488e+06,-6.835981894861443,33.9763319928334,52.440758,1.1682403,0.57691973,-0.036745436,0.35014856,0.49038532,0.3322143,5902.4116,1140.9697,27.760702,59.280655,3.4438112,870.7861,0.13079268,-0.9914097,0.067421794,32.573853
P000911,2019-06-24,700392.75,3.7608488e+06,-6.833145684584329,33.9763319928334,54.309982,1.1672674,0.41364482,0.031724855,0.4534106,0.5230633,0.4281464,5741.7676,1383.2833,27.760702,59.280655,3.4438112,870.7861,0.13079268,-0.9914097,0.067421794,36.20417
P000912,2019-06-24,700654.56,3.7608488e+06,-6.8303094743072155,33.9763319928334,54.925014,1.1643565,0.3132709,0.07239724,0.52063763,0.56839687,0.5036048,5585.346,1630.8153,27.760702,59.280655,3.4438112,870.7861,0.13079268,-0.9914097,0.067421794,37.17226
P000913,2019-06-24,700916.4,3.7608488e+06,-6.8274732640301,33.9763319928334,61.06903,1.1595284,0.23327886,0.13667667,0.5361369,0.6171446,0.5435427,5433.5117,1881.5071,27.760702,59.280655,3.4438112,870.7861,0.13079268,-0.9914097,0.067421794,39.33201
P000914,2019-06-24,701178.2,3.7608488e+06,-6.824637053752987,33.9763319928334,61.673374,1.1528182,0.16598338,0.2233463,0.64160395,0.658282,0.64266074,5286.659,2134.2456,27.760702,59.280655,3.4438112,870.7861,0.13079268,-0.9914097,0.067421794,40.63587
P000915,2019-06-24,701440.0,3.7608488e+06,-6.821800843475873,33.9763319928334,63.16288,1.1442747,0.16046803,0.25766096,0.68754727,0.6824464,0.692646,5145.216,2388.381,27.760702,59.280655,3.4438112,870.7861,0.13079268,-0.9914097,0.067421794,39.486065
P000916,2019-06-24,701701.8,3.7608488e+06,-6.818964633198758,33.9763319928334,64.78064,1.1339598,0.11532366,0.30772546,0.727607,0.6848965,0.72922355,5009.639,2643.5107,27.760702,59.280655,3.4438112,870.7861,0.13079268,-0.9914097,0.067421794,42.64796
P000917,2019-06-24,701963.6,3.7608488e+06,-6.816128422921644,33.9763319928334,65.50647,1.1219482,0.05706174,0.33348462,0.7167297,0.6669904,0.7213576,4880.4185,2881.6255,27.760702,59.280655,3.4438112,870.7861,0.13079268,-0.9914097,0.067421794,41.75619
P000918,2019-06-24,702225.44,3.7608488e+06,-6.81329221264453,33.9763319928334,65.52907,1.108327,-0.031544715,0.38284907,0.7581074,0.6356815,0.74387705,4758.072,2771.0413,27.760702,59.280655,3.4438112,870.7861,0.13079268,-0.9914097,0.067421794,42.662308
P000919,2019-06-24,702487.25,3.7608488e+06,-6.810456002367417,33.9763319928334,66.45199,1.0931952,0.01791153,0.31399828,0.64906025,0.6011929,0.6587209,4643.1426,2681.0444,27.760702,59.280655,3.4438112,870.7861,0.13079268,-0.9914097,0.067421794,44.244514
P000920,2019-06-24,702749.06,3.7608488e+06,-6.8076197920903025,33.9763319928334,66.79273,1.0766623,-0.03556243,0.33178297,0.70156527,0.5736451,0.68807703,4536.194,2613.7625,27.760702,59.280655,3.4438112,870.7861,0.13079268,-0.9914097,0.067421794,44.479046
P000921,2019-06-24,703010.94,3.7608488e+06,-6.804783581813189,33.9763319928334,70.97491,1.058844,-0.05623353,0.33614734,0.6694167,0.5578131,0.66045874,4437.7812,2570.9717,27.760702,59.280655,3.4438112,870.7861,0.13079268,-0.9914097,0.067421794,42.87441
P000922,2019-06-24,703272.75,3.7608488e+06,-6.801947371536074,33.9763319928334,68.86157,1.0398778,-0.06493511,0.34729332,0.6857544,0.5568623,0.67144305,4348.532,2553.9248,27.760702,59.280655,3.4438112,870.7861,0.13079268,-0.9914097,0.067421794,43.52519
P000923,2019-06-24,703534.56,3.7608488e+06,-6.799111161258961,33.9763319928334,67.920715,1.0198972,-0.03974552,0.28634894,0.6411567,0.56729835,0.643942,4268.9956,2563.1216,27.760702,59.280655,3.4438112,870.7861,0.13079268,-0.9914097,0.067421794,42.762547
P000924,2019-06-24,703796.4,3.7608488e+06,-6.7962749509818465,33.9763319928334,69.24968,0.99904716,-0.036485203,0.30278808,0.63236886,0.5803379,0.6425932,4199.723,2598.2837,27.760702,59.280655,3.4438112,870.7861,0.13079268,-0.9914097,0.067421794,41.312763
P000925,2019-06-24,704058.2,3.7608488e+06,-6.793438740704733,33.9763319928334,67.65261,0.97747886,-0.050204083,0.34386963,0.6782565,0.5862695,0.67716724,4141.2305,2658.3809,27.760702,59.280655,3.4438112,870.7861,0.13079268,-0.9914097,0.067421794,44.165806
P000926,2019-06-24,704320.0,3.7608488e+06,-6.790602530427618,33.9763319928334,70.8349,0.95534873,0.0068136,0.2862938,0.5776375,0.5778256,0.60423976,4093.979,2741.7737,27.760702,59.280655,3.4438112,870.7861,0.13079268,-0.9914097,0.067421794,42.696445
P000927,2019-06-24,704581.8,3.7608488e+06,-6.787766320150504,33.9763319928334,68.415245,0.93281716,-0.044066466,0.25906506,0.5662898,0.5527114,0.58799404,4058.3616,2846.4158,27.760702,59.280655,3.4438112,870.7861,0.13079268,-0.9914097,0.067421794,41.36516
P000928,2019-06-24,704843.6,3.7608488e+06,-6.7849301098733905,33.9763319928334,70.02641,0.91004765,-0.095813714,0.27101123,0.5092219,0.5144299,0.535111,4034.6865,2970.062,27.760702,59.280655,3.4438112,870.7861,0.13079268,-0.9914097,0.067421794,41.101906
P000929,2019-06-24,705105.44,3.7608488e+06,-6.782093899596276,33.9763319928334,70.9765,0.91279477,-0.02926198,0.22063845,0.48340335,0.4711206,0.502282,4023.1646,3110.4465,27.760702,59.280655,3.4438112,870.7861,0.13079268,-0.9914097,0.067421794,39.769238
P000930,2019-06-24,705367.25,3.7608488e+06,-6.779257689319163,33.9763319928334,70.50042,0.9355444,0.012103191,0.1958052,0.4429865,0.43281108,0.460905,4023.9,3265.4114,27.760702,59.280655,3.4438112,870.7861,0.13079268,-0.9914097,0.067421794,39.9694
P000931,2019-06-24,705629.06,3.7608488e+06,-6.776421479042048,33.9763319928334,70.57151,0.9580362,0.012705711,0.18969795,0.42001477,0.40802026,0.43638948,4036.8862,3432.9827,27.760702,59.280655,3.4438112,870.7861,0.13079268,-0.9914097,0.067421794,39.236504
P000932,2019-06-24,705890.94,3.7608488e+06,-6.7735852687649345,33.9763319928334,70.97338,0.9801124,0.05916808,0.20112084,0.40712175,0.40087387,0.42503178,4062.0132,3611.45,27.760702,59.280655,3.4438112,870.7861,0.13079268,-0.9914097,0.067421794,39.035255
P000933,2019-06-24,706152.75,3.7608488e+06,-6.77074905848782,33.9763319928334,71.47838,1.0016023,0.022557,0.13704847,0.38738784,0.40971804,0.4144239,4099.046,3799.1987,27.760702,59.280655,3.4438112,870.7861,0.13079268,-0.9914097,0.067421794,39.210957
P000934,2019-06-24,706414.56,3.7608488e+06,-6.767912848210707,33.9763319928334,71.52094,1.0223553,0.04407111,0.13468629,0.30609676,0.4276918,0.3638788,4147.6694,3994.9563,27.760702,59.280655,3.4438112,870.7861,0.13079268,-0.9914097,0.067421794,38.4557
P000935,2019-06-24,706676.4,3.7608488e+06,-6.765076637933593,33.9763319928334,72.41686,1.0422212,0.03095456,0.15027419,0.2841473,0.44509098,0.35464314,4207.483,4197.6025,27.760702,59.280655,3.4438112,870.7861,0.13079268,-0.9914097,0.067421794,38.20424
P000936,2019-06-24,706938.2,3.7608488e+06,-6.762240427656479,33.9763319928334,75.54486,1.0610555,0.016132697,0.10725769,0.19458786,0.45268375,0.29463035,4278.0156,4406.1865,27.760702,59.280655,3.4438112,870.7861,0.13079268,-0.9914097,0.067421794,35.66422
P000937,2019-06-24,707200.0,3.7608488e+06,-6.759404217379364,33.9763319928334,74.51448,1.0787221,0.025075436,0.16313395,0.2064287,0.44486353,0.30019286,4358.7485,4619.905,27.760702,59.280655,3.4438112,870.7861,0.13079268,-0.9914097,0.067421794,37.71155
P000938,2019-06-24,693061.8,3.7611512e+06,-6.91255957234352,33.979068007166596,11.318939,1.0787221,0.02340439,0.111962095,0.17491242,0.4274931,0.27204704,0.0,4441.028,27.760702,59.280655,3.4438112,870.7861,0.13079268,-0.9914097,0.067421794,36.79609
P000939,2019-06-24,693323.6,3.7611512e+06,-6.909723362066407,33.979068007166596,12.793859,1.0610555,0.021812497,0.12939253,0.18342921,0.4331001,0.27995473,259.25354,4239.713,27.760702,59.280655,3.4438112,870.7861,0.13079268,-0.9914097,0.067421794,36.667156
P000940,2019-06-24,693585.44,3.7611512e+06,-6.9068871517892925,33.979068007166596,15.887092,1.0422212,0.06297665,0.15007873,0.17307264,0.42316553,0.26919463,518.5071,4045.0002,27.760702,59.280655,3.4438112,870.7861,0.13079268,-0.9914097,0.067421794,38.364
P000941,2019-06-24,693847.25,3.7611512e+06,-6.904050941512179,33.979068007166596,16.533068,1.0223553,0.004403716,0.102877796,0.21069296,0.40330762,0.28851336,777.76056,3857.89,27.760702,59.280655,3.4438112,870.7861,0.13079268,-0.9914097,0.067421794,36.866512
P000942,2019-06-24,694109.06,3.7611512e+06,-6.901214731235065,33.979068007166596,17.553917,1.0016023,0.014558044,0.08491095,0.21227074,0.38276267,0.28230444,1037.0142,3679.5417,27.760702,59.280655,3.4438112,870.7861,0.13079268,-0.9914097,0.067421794,37.253902
P000943,2019-06-24,694370.94,3.7611512e+06,-6.898378520957952,33.979068007166596,17.73682,0.9801072,0.054265067,0.11477339,0.25382525,0.37121987,0.30713004,1296.3296,3511.2522,27.760702,59.280655,3.4438112,870.7861,0.13079268,-0.9914097,0.067421794,37.294357
P000944,2019-06-24,694632.75,3.7611512e+06,-6.8955423106808365,33.979068007166596,19.904596,0.9580362,0.041937277,0.07207031,0.23968613,0.37549382,0.29833978,1555.583,3354.6213,27.760702,59.280655,3.4438112,870.7861,0.13079268,-0.9914097,0.067421794,36.329823
P000945,2019-06-24,694894.56,3.7611512e+06,-6.892706100403723,33.979068007166596,19.624006,0.9355444,0.03789155,0.11959731,0.23543753,0.39713117,0.30228454,1814.8365,3211.3086,27.760702,59.280655,3.4438112,870.7861,0.13079268,-0.9914097,0.067421794,35.851685
P000946,2019-06-24,695156.4,3.7611512e+06,-6.889869890126609,33.979068007166596,21.276398,0.91279477,0.044168863,0.12808467,0.27789012,0.43181986,0.34308213,2074.09,3083.1716,27.760702,59.280655,3.4438112,870.7861,0.13079268,-0.9914097,0.067421794,39.112305
P000947,2019-06-24,695418.2,3.7611512e+06,-6.8870336798494955,33.979068007166596,23.958921,0.91004765,0.022147568,0.10789942,0.18081903,0.47075164,0.2871051,2333.3438,2972.1733,27.760702,59.280655,3.4438112,870.7861,0.13079268,-0.9914097,0.067421794,36.72839
P000948,2019-06-24,695680.0,3.7611512e+06,-6.884197469572381,33.979068007166596,25.071455,0.93281716,0.005291327,0.14876352,0.31188473,0.50349826,0.3878327,2592.5972,2880.2964,27.760702,59.280655,3.4438112,870.7861,0.13079268,-0.9914097,0.067421794,37.198704
P000949,2019-06-24,695941.8,3.7611512e+06,-6.881361259295266,33.979068007166596,24.096285,0.95534873,0.071580745,0.090626836,0.18235488,0.52142364,0.29986164,2851.8506,2809.4172,27.760702,59.280655,3.4438112,870.7861,0.13079268,-0.9914097,0.067421794,35.578053
P000950,2019-06-24,696203.6,3.7611512e+06,-6.878525049018153,33.979068007166596,25.531181,0.97747886,0.12796313,0.098386236,0.25630942,0.52048224,0.3463542,3111.1042,2761.1533,27.760702,59.280655,3.4438112,870.7861,0.13079268,-0.9914097,0.067421794,36.896385
P000951,2019-06-24,696465.44,3.7611512e+06,-6.875688838741039,33.979068007166596,28.00901,0.99904716,0.12362309,0.08520449,0.33268392,0.50246793,0.38694695,3370.3577,2584.213,27.760702,59.280655,3.4438112,870.7861,0.13079268,-0.9914097,0.067421794,37.70056
P000952,2019-06-24,696727.25,3.7611512e+06,-6.872852628463925,33.979068007166596,31.315203,1.0198972,0.2003474,0.05870842,0.32648593,0.47431016,0.36441106,3629.6113,2325.469,27.760702,59.280655,3.4438112,870.7861,0.13079268,-0.9914097,0.067421794,36.527607
P000953,2019-06-24,696989.06,3.7611512e+06,-6.87001641818681,33.979068007166596,28.362162,1.0398778,0.26366726,-0.018891307,0.25428945,0.44567934,0.29372257,3888.8647,2066.8528,27.760702,59.280655,3.4438112,870.7861,0.13079268,-0.9914097,0.067421794,34.306473
P000954,2019-06-24,697250.94,3.7611512e+06,-6.867180207909697,33.979068007166596,32.470917,1.0588484,0.33225417,-0.04695474,0.24810512,0.4257332,0.270688,4148.18,1808.3573,27.760702,59.280655,3.4438112,870.7861,0.13079268,-0.9914097,0.067421794,34.477688
P000955,2019-06-24,697512.75,3.7611512e+06,-6.864343997632583,33.979068007166596,32.026463,1.0766623,0.36930072,-0.044714566,0.2935674,0.42014405,0.2876845,4407.4336,1550.1975,27.760702,59.280655,3.4438112,870.7861,0.13079268,-0.9914097,0.067421794,34.6948
P000956,2019-06-24,697774.56,3.7611512e+06,-6.861507787355469,33.979068007166596,34.52748,1.0931952,0.5629043,-0.11122076,0.19850996,0.42935622,0.21103933,4666.6875,1292.4757,27.760702,59.280655,3.4438112,870.7861,0.13079268,-0.9914097,0.067421794,33.728714
P000957,2019-06-24,698036.4,3.7611512e+06,-6.858671577078355,33.979068007166596,36.535748,1.108327,0.60512716,-0.094282694,0.26479536,0.44874284,0.25133368,4925.941,1035.5188,27.760702,59.280655,3.4438112,870.7861,0.13079268,-0.9914097,0.067421794,32.281013
P000958,2019-06-24,698298.2,3.7611512e+06,-6.855835366801242,33.979068007166596,38.227,1.1219482,0.6555534,-0.16012935,0.16229986,0.47050422,0.17576407,5185.1943,780.08307,27.760702,59.280655,3.4438112,870.7861,0.13079268,-0.9914097,0.067421794,30.5592
P000959,2019-06-24,698560.0,3.7611512e+06,-6.852999156524127,33.979068007166596,39.921425,1.1339598,0.7172183,-0.19895086,0.16216256,0.4866571,0.17233571,5444.4478,528.37946,27.760702,59.280655,3.4438112,870.7861,0.13079268,-0.9914097,0.067421794,32.8514
P000960,2019-06-24,698821.8,3.7611512e+06,-6.850162946247012,33.979068007166596,42.46684,1.1442747,0.76136327,-0.18681784,0.20295922,0.49205106,0.19709642,5703.701,290.28412,27.760702,59.280655,3.4438112,870.7861,0.13079268,-0.9914097,0.067421794,31.77632
P000961,2019-06-24,699083.6,3.7611512e+06,-6.847326735969899,33.979068007166596,43.767998,1.1528182,0.70651364,-0.20372443,0.16468549,0.4863463,0.16648553,5962.955,154.17429,27.760702,59.280655,3.4438112,870.7861,0.13079268,-0.9914097,0.067421794,31.356838
P000962,2019-06-24,699345.44,3.7611512e+06,-6.844490525692784,33.979068007166596,44.649326,1.1595284,0.6343762,-0.21508352,0.15459761,0.4742501,0.1574139,6222.2085,312.5689,27.760702,59.280655,3.4438112,870.7861,0.13079268,-0.9914097,0.067421794,30.321234
P000963,2019-06-24,699607.25,3.7611512e+06,-6.841654315415671,33.979068007166596,49.35795,1.1643565,0.65593845,-0.16122685,0.23008348,0.46391347,0.21268179,6080.5884,553.22125,27.760702,59.280655,3.4438112,870.7861,0.13079268,-0.9914097,0.067421794,31.203434
P000964,2019-06-24,699869.06,3.7611512e+06,-6.838818105138556,33.979068007166596,51.345707,1.1672674,0.6391829,-0.116922595,0.28879187,0.46402985,0.26309112,5908.083,805.50165,27.760702,59.280655,3.4438112,870.7861,0.13079268,-0.9914097,0.067421794,33.33936
P000965,2019-06-24,700130.94,3.7611512e+06,-6.835981894861443,33.979068007166596,53.452736,1.1682403,0.53653616,-0.04264948,0.30631664,0.48064038,0.2928058,5738.958,1061.2101,27.760702,59.280655,3.4438112,870.7861,0.13079268,-0.9914097,0.067421794,34.085567
P000966,2019-06-24,700392.75,3.7611512e+06,-6.833145684584329,33.979068007166596,52.54225,1.1672674,0.46063468,0.042959534,0.4125656,0.5147262,0.39208943,5573.605,1318.267,27.760702,59.280655,3.4438112,870.7861,0.13079268,-0.9914097,0.067421794,35.48923
P000967,2019-06-24,700654.56,3.7611512e+06,-6.8303094743072155,33.979068007166596,56.62559,1.1643565,0.41720816,0.05073187,0.46197525,0.5615047,0.45636952,5412.3257,1576.0436,27.760702,59.280655,3.4438112,870.7861,0.13079268,-0.9914097,0.067421794,35.555664
P000968,2019-06-24,700916.4,3.7611512e+06,-6.8274732640301,33.979068007166596,58.853874,1.1595284,0.23765862,0.1599259,0.58196,0.611639,0.57068884,5255.4946,1834.2366,27.760702,59.280655,3.4438112,870.7861,0.13079268,-0.9914097,0.067421794,38.470253
P000969,2019-06-24,701178.2,3.7611512e+06,-6.824637053752987,33.979068007166596,58.45808,1.1528182,0.20927875,0.2118597,0.60492396,0.65403223,0.6131793,5103.5225,2092.692,27.760702,59.280655,3.4438112,870.7861,0.13079268,-0.9914097,0.067421794,40.047123
P000970,2019-06-24,701440.0,3.7611512e+06,-6.821800843475873,33.979068007166596,61.21716,1.1442747,0.09654983,0.30605835,0.6387243,0.6792767,0.6556316,4956.856,2351.3228,27.760702,59.280655,3.4438112,870.7861,0.13079268,-0.9914097,0.067421794,42.547585
P000971,2019-06-24,701701.8,3.7611512e+06,-6.818964633198758,33.979068007166596,62.420918,1.1339598,0.063568145,0.3420223,0.68002456,0.682612,0.6938702,4815.98,2610.0774,27.760702,59.280655,3.4438112,870.7861,0.13079268,-0.9914097,0.067421794,41.631855
P000972,2019-06-24,701963.6,3.7611512e+06,-6.816128422921644,33.979068007166596,65.96079,1.1219482,0.03811512,0.32778847,0.7171011,0.66539943,0.7201929,4681.417,2868.9219,27.760702,59.280655,3.4438112,870.7861,0.13079268,-0.9914097,0.067421794,42.805073
P000973,2019-06-24,702225.44,3.7611512e+06,-6.81329221264453,33.979068007166596,67.083206,1.108327,0.002778758,0.3601461,0.7476006,0.63461083,0.7355636,4553.7266,3042.9387,27.760702,59.280655,3.4438112,870.7861,0.13079268,-0.9914097,0.067421794,41.822628
P000974,2019-06-24,702487.25,3.7611512e+06,-6.810456002367417,33.979068007166596,63.638973,1.0931952,-0.028990956,0.31382304,0.6998615,0.60049665,0.69365835,4433.503,2961.217,27.760702,59.280655,3.4438112,870.7861,0.13079268,-0.9914097,0.067421794,40.27995
P000975,2019-06-24,702749.06,3.7611512e+06,-6.8076197920903025,33.979068007166596,69.34133,1.0766623,-0.037305597,0.29291877,0.7002759,0.5732077,0.6867827,4321.369,2900.4414,27.760702,59.280655,3.4438112,870.7861,0.13079268,-0.9914097,0.067421794,42.731632
P000976,2019-06-24,703010.94,3.7611512e+06,-6.804783581813189,33.979068007166596,65.829735,1.058844,-0.055097293,0.35808516,0.7710585,0.55949813,0.73311687,4217.9473,2861.9402,27.760702,59.280655,3.4438112,870.7861,0.13079268,-0.9914097,0.067421794,44.454643
P000977,2019-06-24,703272.75,3.7611512e+06,-6.801947371536074,33.979068007166596,68.57219,1.0398778,-0.08576642,0.31509322,0.7077324,0.5605434,0.69012386,4123.9434,2846.6362,27.760702,59.280655,3.4438112,870.7861,0.13079268,-0.9914097,0.067421794,44.110138
P000978,2019-06-24,703534.56,3.7611512e+06,-6.799111161258961,33.979068007166596,68.93995,1.0198972,-0.052362114,0.2898742,0.65443206,0.5709111,0.6564698,4039.9878,2854.8904,27.760702,59.280655,3.4438112,870.7861,0.13079268,-0.9914097,0.067421794,42.52356
P000979,2019-06-24,703796.4,3.7611512e+06,-6.7962749509818465,33.979068007166596,66.899254,0.99904716,-0.0612621,0.34929875,0.69773746,0.58369845,0.6913605,3966.7183,2886.5002,27.760702,59.280655,3.4438112,870.7861,0.13079268,-0.9914097,0.067421794,42.963894
P000980,2019-06-24,704058.2,3.7611512e+06,-6.793438740704733,33.979068007166596,68.9699,0.97747886,-0.030152688,0.35082978,0.67262155,0.5892325,0.675876,3904.7363,2940.7134,27.760702,59.280655,3.4438112,870.7861,0.13079268,-0.9914097,0.067421794,43.78972
P000981,2019-06-24,704320.0,3.7611512e+06,-6.790602530427618,33.979068007166596,68.52331,0.95534873,,0.30274966,0.5729485,0.5803017,0.6031747,3854.587,3016.3105,27.760702,59.280655,3.4438112,870.7861,0.13079268,-0.9914097,0.067421794,40.2734
P000982,2019-06-24,704581.8,3.7611512e+06,-6.787766320150504,33.979068007166596,69.60541,0.93281716,0.012539175,0.3106954,0.60076976,0.5546728,0.6138863,3816.7363,3111.7341,27.760702,59.280655,3.4438112,870.7861,0.13079268,-0.9914097,0.067421794,43.181084
P000983,2019-06-24,704843.6,3.7611512e+06,-6.7849301098733905,33.979068007166596,69.53821,0.91004765,-0.010168283,0.27517587,0.5812609,0.5159024,0.5868569,3791.5527,3225.2246,27.760702,59.280655,3.4438112,870.7861,0.13079268,-0.9914097,0.067421794,41.66596
P000984,2019-06-24,705105.44,3.7611512e+06,-6.782093899596276,33.979068007166596,71.06759,0.91279477,-0.01849355,0.23286238,0.5287044,0.4721684,0.534931,3779.2896,3354.9492,27.760702,59.280655,3.4438112,870.7861,0.13079268,-0.9914097,0.067421794,42.16189
P000985,2019-06-24,705367.25,3.7611512e+06,-6.779257689319163,33.979068007166596,70.15443,0.9355444,-0.02845679,0.271197,0.49607363,0.43351778,0.49869883,3780.0725,3499.1025,27.760702,59.280655,3.4438112,870.7861,0.13079268,-0.9914097,0.067421794,42.001392
P000986,2019-06-24,705629.06,3.7611512e+06,-6.776421479042048,33.979068007166596,70.36377,0.9580362,0.011811341,0.11298884,0.38251317,0.40847203,0.4105429,3793.8936,3655.9783,27.760702,59.280655,3.4438112,870.7861,0.13079268,-0.9914097,0.067421794,38.835896
P000987,2019-06-24,705890.94,3.7611512e+06,-6.7735852687649345,33.979068007166596,72.45533,0.9801124,,0.15539373,0.4014126,0.40114757,0.4212805,3820.619,3824.0525,27.760702,59.280655,3.4438112,870.7861,0.13079268,-0.9914097,0.067421794,37.547783
P000988,2019-06-24,706152.75,3.7611512e+06,-6.77074905848782,33.979068007166596,72.485374,1.0016023,0.054939214,0.16963345,0.33890814,0.4098752,0.38062885,3859.9683,4001.8394,27.760702,59.280655,3.4438112,870.7861,0.13079268,-0.9914097,0.067421794,38.65767
P000989,2019-06-24,706414.56,3.7611512e+06,-6.767912848210707,33.979068007166596,73.38799,1.0223553,0.032556184,0.12918599,0.2946538,0.42777735,0.35594535,3911.565,4188.1357,27.760702,59.280655,3.4438112,870.7861,0.13079268,-0.9914097,0.067421794,39.075684
P000990,2019-06-24,706676.4,3.7611512e+06,-6.765076637933593,33.979068007166596,72.50103,1.0422212,0.0069430955,0.16414419,0.30711833,0.44513515,0.37076238,3974.9326,4381.8574,27.760702,59.280655,3.4438112,870.7861,0.13079268,-0.9914097,0.067421794,37.851944
P000991,2019-06-24,706938.2,3.7611512e+06,-6.762240427656479,33.979068007166596,72.89495,1.0610555,0.007057129,0.13249901,0.297001,0.45270532,0.3663389,4049.518,4582.0615,27.760702,59.280655,3.4438112,870.7861,0.13079268,-0.9914097,0.067421794,37.44278
P000992,2019-06-24,707200.0,3.7611512e+06,-6.759404217379364,33.979068007166596,74.37401,1.0787221,0.07535688,0.15462199,0.28029224,0.44487354,0.3519063,4134.715,4787.9355,27.760702,59.280655,3.4438112,870.7861,0.13079268,-0.9914097,0.067421794,38.26063
P000993,2019-06-24,693061.8,3.7614538e+06,-6.91255957234352,33.98180402149978,12.020339,1.4344659,0.028398672,0.077271335,0.18738249,0.41025272,0.27474195,0.0,4267.075,27.760702,59.280655,3.4438112,870.7861,0.13079268,-0.9914097,0.067421794,38.91468
P000994,2019-06-24,693323.6,3.7614538e+06,-6.909723362066407,33.98180402149978,14.859834,1.3816345,-0.024751475,0.07922086,0.14852636,0.41580048,0.24946783,259.25354,4057.138,27.760702,59.280655,3.4438112,870.7861,0.13079268,-0.9914097,0.067421794,36.965034
P000995,2019-06-24,693585.44,3.7614538e+06,-6.9068871517892925,33.98180402149978,16.24013,1.3253103,0.004503049,0.06969215,0.1771275,0.4057986,0.26595452,518.5071,3853.2104,27.760702,59.280655,3.4438112,870.7861,0.13079268,-0.9914097,0.067421794,36.63161
P000996,2019-06-24,693847.25,3.7614538e+06,-6.904050941512179,33.98180402149978,16.037481,1.2659019,0.054135844,0.09835347,0.20547651,0.38586485,0.2787567,777.76056,3656.2983,27.760702,59.280655,3.4438112,870.7861,0.13079268,-0.9914097,0.067421794,36.882572
P000997,2019-06-24,694109.06,3.7614538e+06,-6.901214731235065,33.98180402149978,19.098454,1.2038401,0.0622798,0.073680095,0.19813852,0.365235,0.2662768,1037.0142,3467.5972,27.760702,59.280655,3.4438112,870.7861,0.13079268,-0.9914097,0.067421794,35.869183
P000998,2019-06-24,694370.94,3.7614538e+06,-6.898378520957952,33.98180402149978,20.185724,1.1395593,0.047449186,0.10223422,0.21501079,0.35359773,0.2737915,1296.3296,3288.4788,27.760702,59.280655,3.4438112,870.7861,0.13079268,-0.9914097,0.067421794,37.34033
P000999,2019-06-24,694632.75,3.7614538e+06,-6.8955423106808365,33.98180402149978,20.003359,1.0735564,0.0037696424,0.08265835,0.2568061,0.35776734,0.30411825,1555.583,3120.687,27.760702,59.280655,3.4438112,870.7861,0.13079268,-0.9914097,0.067421794,37.369267
P001000,2019-06-24,694894.56,3.7614538e+06,-6.892706100403723,33.98180402149978,19.900534,1.0062948,0.0051835934,0.10589225,0.24400464,0.37929007,0.30203488,1814.8365,2966.0925,27.760702,59.280655,3.4438112,870.7861,0.13079268,-0.9914097,0.067421794,37.5965
P001001,2019-06-24,695156.4,3.7614538e+06,-6.889869890126609,33.98180402149978,23.963135,0.9382625,0.057170656,0.1183996,0.23855852,0.41385365,0.309258,2074.09,2826.862,27.760702,59.280655,3.4438112,870.7861,0.13079268,-0.9914097,0.067421794,37.69529
P001002,2019-06-24,695418.2,3.7614538e+06,-6.8870336798494955,33.98180402149978,23.198843,0.93004733,0.073162735,0.15065822,0.26656476,0.45264956,0.34078512,2333.3438,2705.3682,27.760702,59.280655,3.4438112,870.7861,0.13079268,-0.9914097,0.067421794,38.59796
P001003,2019-06-24,695680.0,3.7614538e+06,-6.884197469572381,33.98180402149978,24.640139,0.99813926,0.05520152,0.15323123,0.31806338,0.48524952,0.38576078,2592.5972,2604.0947,27.760702,59.280655,3.4438112,870.7861,0.13079268,-0.9914097,0.067421794,39.08756
P001004,2019-06-24,695941.8,3.7614538e+06,-6.881361259295266,33.98180402149978,25.31965,1.0655196,0.101726145,0.1432943,0.30723557,0.50301737,0.38082072,2851.8506,2525.4756,27.760702,59.280655,3.4438112,870.7861,0.13079268,-0.9914097,0.067421794,37.841743
P001005,2019-06-24,696203.6,3.7614538e+06,-6.878525049018153,33.98180402149978,25.924736,1.1316994,0.0797704,0.12937024,0.32528558,0.5019078,0.38811395,3111.1042,2471.6736,27.760702,59.280655,3.4438112,870.7861,0.13079268,-0.9914097,0.067421794,38.479774
P001006,2019-06-24,696465.44,3.7614538e+06,-6.875688838741039,33.98180402149978,26.527964,1.1961992,0.14352901,0.124117754,0.33671677,0.4837153,0.38317436,3370.3577,2444.3274,27.760702,59.280655,3.4438112,870.7861,0.13079268,-0.9914097,0.067421794,37.79668
P001007,2019-06-24,696727.25,3.7614538e+06,-6.872852628463925,33.98180402149978,30.386236,1.2585509,0.24908069,0.035232678,0.29266953,0.45537025,0.3340661,3629.6113,2324.555,27.760702,59.280655,3.4438112,870.7861,0.13079268,-0.9914097,0.067421794,36.9014
P001008,2019-06-24,696989.06,3.7614538e+06,-6.87001641818681,33.98180402149978,30.06803,1.3183024,0.28225183,0.045787737,0.31706804,0.4265447,0.330911,3888.8647,2065.8245,27.760702,59.280655,3.4438112,870.7861,0.13079268,-0.9914097,0.067421794,36.060783
P001009,2019-06-24,697250.94,3.7614538e+06,-6.867180207909697,33.98180402149978,36.112144,1.3750337,0.34726733,0.020792933,0.28151077,0.40639874,0.2872281,4148.18,1807.182,27.760702,59.280655,3.4438112,870.7861,0.13079268,-0.9914097,0.067421794,34.17417
P001010,2019-06-24,697512.75,3.7614538e+06,-6.864343997632583,33.98180402149978,32.62611,1.4283062,0.4009562,-0.075879596,0.19719796,0.40060797,0.2132925,4407.4336,1548.8263,27.760702,59.280655,3.4438112,870.7861,0.13079268,-0.9914097,0.067421794,33.485603
P001011,2019-06-24,697774.56,3.7614538e+06,-6.861507787355469,33.98180402149978,33.97009,1.4777476,0.48675635,-0.098687924,0.26035357,0.40962064,0.24730696,4666.6875,1290.8307,27.760702,59.280655,3.4438112,870.7861,0.13079268,-0.9914097,0.067421794,32.997807
P001012,2019-06-24,698036.4,3.7614538e+06,-6.858671577078355,33.98180402149978,37.704338,1.5229992,0.49206513,-0.17457262,0.16281521,0.42881465,0.17283823,4925.941,1033.4648,27.760702,59.280655,3.4438112,870.7861,0.13079268,-0.9914097,0.067421794,32.002087
P001013,2019-06-24,698298.2,3.7614538e+06,-6.855835366801242,33.98180402149978,40.604897,1.5637329,0.64387846,-0.22451183,0.098151915,0.4503952,0.123670965,5185.1943,777.35455,27.760702,59.280655,3.4438112,870.7861,0.13079268,-0.9914097,0.067421794,31.602911
P001014,2019-06-24,698560.0,3.7614538e+06,-6.852999156524127,33.98180402149978,40.587067,1.5996534,0.7016971,-0.19586806,0.104740836,0.46638408,0.1248803,5444.4478,524.3428,27.760702,59.280655,3.4438112,870.7861,0.13079268,-0.9914097,0.067421794,28.75099
P001015,2019-06-24,698821.8,3.7614538e+06,-6.850162946247012,33.98180402149978,42.99319,1.6305001,0.6914871,-0.2869677,0.10387026,0.4716353,0.120415576,5703.701,282.86993,27.760702,59.280655,3.4438112,870.7861,0.13079268,-0.9914097,0.067421794,30.846409
P001016,2019-06-24,699083.6,3.7614538e+06,-6.847326735969899,33.98180402149978,41.93967,1.6560494,0.73207986,-0.2628192,0.15506907,0.46581265,0.15239154,5962.955,139.71481,27.760702,59.280655,3.4438112,870.7861,0.13079268,-0.9914097,0.067421794,30.185383
P001017,2019-06-24,699345.44,3.7614538e+06,-6.844490525692784,33.98180402149978,45.22065,1.6761159,0.73277676,-0.20056148,0.17327337,0.45362583,0.16309598,6112.0073,305.69568,27.760702,59.280655,3.4438112,870.7861,0.13079268,-0.9914097,0.067421794,31.832188
P001018,2019-06-24,699607.25,3.7614538e+06,-6.841654315415671,33.98180402149978,46.647747,1.6905541,0.66453785,-0.26863372,0.21550809,0.4432268,0.19507515,5932.0957,549.3671,27.760702,59.280655,3.4438112,870.7861,0.13079268,-0.9914097,0.067421794,30.880543
P001019,2019-06-24,699869.06,3.7614538e+06,-6.838818105138556,33.98180402149978,47.56647,1.6992595,0.58982927,-0.12123113,0.30548948,0.44330883,0.26737726,5755.141,802.85956,27.760702,59.280655,3.4438112,870.7861,0.13079268,-0.9914097,0.067421794,34.02209
P001020,2019-06-24,700130.94,3.7614538e+06,-6.835981894861443,33.98180402149978,51.866745,1.7021688,0.5362351,-0.059769906,0.36036006,0.4599117,0.3232485,5581.3833,1059.206,27.760702,59.280655,3.4438112,870.7861,0.13079268,-0.9914097,0.067421794,34.46945
P001021,2019-06-24,700392.75,3.7614538e+06,-6.833145684584329,33.98180402149978,50.87875,1.6992595,0.4664761,0.008241725,0.42785615,0.49401456,0.39543027,5411.2173,1316.6542,27.760702,59.280655,3.4438112,870.7861,0.13079268,-0.9914097,0.067421794,35.655235
P001022,2019-06-24,700654.56,3.7614538e+06,-6.8303094743072155,33.98180402149978,53.76271,1.6905541,0.3724193,0.07076703,0.49877918,0.5408323,0.47480312,5244.9473,1574.6948,27.760702,59.280655,3.4438112,870.7861,0.13079268,-0.9914097,0.067421794,36.938053
P001023,2019-06-24,700916.4,3.7614538e+06,-6.8274732640301,33.98180402149978,56.397232,1.6761159,0.27766,0.1428285,0.56921947,0.5910257,0.55448085,5082.9546,1833.0778,27.760702,59.280655,3.4438112,870.7861,0.13079268,-0.9914097,0.067421794,37.086426
P001024,2019-06-24,701178.2,3.7614538e+06,-6.824637053752987,33.98180402149978,57.630173,1.6560494,0.26818153,0.17704663,0.529933,0.6334956,0.55344,4925.662,2091.6763,27.760702,59.280655,3.4438112,870.7861,0.13079268,-0.9914097,0.067421794,39.000774
P001025,2019-06-24,701440.0,3.7614538e+06,-6.821800843475873,33.98180402149978,60.565933,1.6305001,0.07874651,0.24749064,0.63822156,0.6588324,0.64808106,4773.5337,2350.419,27.760702,59.280655,3.4438112,870.7861,0.13079268,-0.9914097,0.067421794,39.23415
P001026,2019-06-24,701701.8,3.7614538e+06,-6.818964633198758,33.98180402149978,61.783867,1.5996534,0.04206485,0.27621654,0.6125425,0.66227406,0.63948333,4627.0796,2609.2632,27.760702,59.280655,3.4438112,870.7861,0.13079268,-0.9914097,0.067421794,42.285553
P001027,2019-06-24,701963.6,3.7614538e+06,-6.816128422921644,33.98180402149978,63.67398,1.5637329,0.023549987,0.33536336,0.71877944,0.6451805,0.71426946,4486.855,2868.1812,27.760702,59.280655,3.4438112,870.7861,0.13079268,-0.9914097,0.067421794,43.889214
P001028,2019-06-24,702225.44,3.7614538e+06,-6.81329221264453,33.98180402149978,64.5444,1.5229992,0.008193172,0.34379986,0.73748326,0.6145224,0.7214359,4353.4614,3127.155,27.760702,59.280655,3.4438112,870.7861,0.13079268,-0.9914097,0.067421794,42.798477
P001029,2019-06-24,702487.25,3.7614538e+06,-6.810456002367417,33.98180402149978,65.91082,1.4777476,-0.018566322,0.38309768,0.78666973,0.5805488,0.7474329,4227.547,3243.6104,27.760702,59.280655,3.4438112,870.7861,0.13079268,-0.9914097,0.067421794,44.603516
P001030,2019-06-24,702749.06,3.7614538e+06,-6.8076197920903025,33.98180402149978,65.30978,1.4283062,0.03424227,0.38439313,0.7971563,0.5534092,0.7476636,4109.7974,3188.2224,27.760702,59.280655,3.4438112,870.7861,0.13079268,-0.9914097,0.067421794,42.570023
P001031,2019-06-24,703010.94,3.7614538e+06,-6.804783581813189,33.98180402149978,66.33114,1.3750205,-0.004221412,0.40941873,0.761857,0.5398565,0.7197976,4000.9102,3153.237,27.760702,59.280655,3.4438112,870.7861,0.13079268,-0.9914097,0.067421794,44.32784
P001032,2019-06-24,703272.75,3.7614538e+06,-6.801947371536074,33.98180402149978,67.1385,1.3183024,-0.04278525,0.34666842,0.73041034,0.54114217,0.69924843,3901.6807,3139.3535,27.760702,59.280655,3.4438112,870.7861,0.13079268,-0.9914097,0.067421794,42.86424
P001033,2019-06-24,703534.56,3.7614538e+06,-6.799111161258961,33.98180402149978,67.17657,1.2585509,-0.0399009,0.35005116,0.75219846,0.5527663,0.71919155,3812.834,3146.8398,27.760702,59.280655,3.4438112,870.7861,0.13079268,-0.9914097,0.067421794,43.529438
P001034,2019-06-24,703796.4,3.7614538e+06,-6.7962749509818465,33.98180402149978,66.95873,1.1961992,-0.06384255,0.34883094,0.69786906,0.56607383,0.68611234,3735.111,3175.5452,27.760702,59.280655,3.4438112,870.7861,0.13079268,-0.9914097,0.067421794,42.632854
P001035,2019-06-24,704058.2,3.7614538e+06,-6.793438740704733,33.98180402149978,67.43501,1.1316994,-0.02371922,0.35833362,0.6913457,0.5715962,0.6835405,3669.219,3224.9026,27.760702,59.280655,3.4438112,870.7861,0.13079268,-0.9914097,0.067421794,43.133175
P001036,2019-06-24,704320.0,3.7614538e+06,-6.790602530427618,33.98180402149978,67.24319,1.0655196,-0.024177507,0.34727946,0.69593906,0.5626121,0.68368703,3615.8047,3293.9841,27.760702,59.280655,3.4438112,870.7861,0.13079268,-0.9914097,0.067421794,43.430157
P001037,2019-06-24,704581.8,3.7614538e+06,-6.787766320150504,33.98180402149978,69.1322,0.99813926,0.0041068606,0.32362756,0.60714406,0.5369141,0.6126162,3575.427,3381.5813,27.760702,59.280655,3.4438112,870.7861,0.13079268,-0.9914097,0.067421794,42.43853
P001038,2019-06-24,704843.6,3.7614538e+06,-6.7849301098733905,33.98180402149978,68.94437,0.93004733,-0.017696341,0.31509918,0.6158949,0.4980817,0.60522634,3548.5312,3486.2983,27.760702,59.280655,3.4438112,870.7861,0.13079268,-0.9914097,0.067421794,42.2791
P001039,2019-06-24,705105.44,3.7614538e+06,-6.782093899596276,33.98180402149978,68.73513,0.9382625,-0.051638976,0.2589578,0.56911194,0.45430857,0.5572236,3535.4253,3606.6448,27.760702,59.280655,3.4438112,870.7861,0.13079268,-0.9914097,0.067421794,42.814056
P001040,2019-06-24,705367.25,3.7614538e+06,-6.779257689319163,33.98180402149978,69.263245,1.0062948,0.00872281,0.23288544,0.46749383,0.4156494,0.47261325,3536.2622,3741.112,27.760702,59.280655,3.4438112,870.7861,0.13079268,-0.9914097,0.067421794,39.732765
P001041,2019-06-24,705629.06,3.7614538e+06,-6.776421479042048,33.98180402149978,69.192566,1.0735564,-0.056582563,0.23819579,0.4895676,0.39062592,0.47934625,3551.0322,3888.236,27.760702,59.280655,3.4438112,870.7861,0.13079268,-0.9914097,0.067421794,41.25746
P001042,2019-06-24,705890.94,3.7614538e+06,-6.7735852687649345,33.98180402149978,72.4706,1.1395749,0.06358439,0.1910099,0.4348294,0.38334972,0.43851048,3579.5715,4046.675,27.760702,59.280655,3.4438112,870.7861,0.13079268,-0.9914097,0.067421794,40.683838
P001043,2019-06-24,706152.75,3.7614538e+06,-6.77074905848782,33.98180402149978,72.10542,1.2038401,-0.01636841,0.12398304,0.37038317,0.39214414,0.39649427,3621.5408,4215.0825,27.760702,59.280655,3.4438112,870.7861,0.13079268,-0.9914097,0.067421794,39.32937
P001044,2019-06-24,706414.56,3.7614538e+06,-6.767912848210707,33.98180402149978,71.75333,1.2659019,0.06414984,0.12789723,0.29910538,0.41012388,0.35290384,3676.485,4392.3438,27.760702,59.280655,3.4438112,870.7861,0.13079268,-0.9914097,0.067421794,38.61544
P001045,2019-06-24,706676.4,3.7614538e+06,-6.765076637933593,33.98180402149978,74.59536,1.3253103,-0.014348622,0.10914986,0.25798848,0.4275634,0.33023226,3743.8337,4577.431,27.760702,59.280655,3.4438112,870.7861,0.13079268,-0.9914097,0.067421794,38.099827
P001046,2019-06-24,706938.2,3.7614538e+06,-6.762240427656479,33.98180402149978,73.84276,1.3816345,0.098159164,0.1361242,0.23532198,0.43521443,0.3170471,3822.9307,4769.433,27.760702,59.280655,3.4438112,870.7861,0.13079268,-0.9914097,0.067421794,37.679844
P001047,2019-06-24,707200.0,3.7614538e+06,-6.759404217379364,33.98180402149978,73.765625,1.4344659,0.019836934,0.11560642,0.2432571,0.42745927,0.31988916,3913.064,4967.548,27.760702,59.280655,3.4438112,870.7861,0.13079268,-0.9914097,0.067421794,37.879948
P001048,2019-06-24,693061.8,3.761756e+06,-6.91255957234352,33.984540035832964,14.471727,1.7848377,0.04952013,-0.020120963,0.10666594,0.3833953,0.20884107,0.0,4106.771,27.760702,59.280655,3.4438112,870.7861,0.13079268,-0.9914097,0.067421794,36.180046
P001049,2019-06-24,693323.6,3.761756e+06,-6.909723362066407,33.984540035832964,13.752365,1.6973724,0.044291876,0.045227855,0.16620651,0.38882828,0.2524054,259.25354,3888.1877,27.760702,59.280655,3.4438112,870.7861,0.13079268,-0.9914097,0.067421794,37.78767
P001050,2019-06-24,693585.44,3.761756e+06,-6.9068871517892925,33.984540035832964,15.058081,1.6041247,0.026589539,0.0665899,0.11959922,0.37869766,0.21620302,518.5071,3674.897,27.760702,59.280655,3.4438112,870.7861,0.13079268,-0.9914097,0.067421794,36.17865
P001051,2019-06-24,693847.25,3.761756e+06,-6.904050941512179,33.984540035832964,16.751863,1.5057708,0.03851945,0.04572525,0.16950135,0.3586218,0.24404633,777.76056,3467.8748,27.760702,59.280655,3.4438112,870.7861,0.13079268,-0.9914097,0.067421794,36.535034
P001052,2019-06-24,694109.06,3.761756e+06,-6.901214731235065,33.984540035832964,19.229805,1.4030241,0.044662,0.091076545,0.19544944,0.33783826,0.2548198,1037.0142,3268.3125,27.760702,59.280655,3.4438112,870.7861,0.13079268,-0.9914097,0.067421794,37.463352
P001053,2019-06-24,694370.94,3.761756e+06,-6.898378520957952,33.984540035832964,19.042847,1.2966037,0.12764363,0.11606158,0.29342687,0.32603937,0.31906408,1296.3296,3077.6177,27.760702,59.280655,3.4438112,870.7861,0.13079268,-0.9914097,0.067421794,36.785187
P001054,2019-06-24,694632.75,3.761756e+06,-6.8955423106808365,33.984540035832964,18.744593,1.1873322,0.062153768,0.059307892,0.17688763,0.33004594,0.2385215,1555.583,2897.641,27.760702,59.280655,3.4438112,870.7861,0.13079268,-0.9914097,0.067421794,35.98018
P001055,2019-06-24,694894.56,3.761756e+06,-6.892706100403723,33.984540035832964,22.00753,1.075977,0.07724623,0.11898526,0.29445684,0.35141435,0.32768053,1814.8365,2730.4473,27.760702,59.280655,3.4438112,870.7861,0.13079268,-0.9914097,0.067421794,36.403904
P001056,2019-06-24,695156.4,3.761756e+06,-6.889869890126609,33.984540035832964,21.95301,0.9633457,0.08492373,0.11878992,0.26599166,0.38584703,0.3188043,2074.09,2578.524,27.760702,59.280655,3.4438112,870.7861,0.13079268,-0.9914097,0.067421794,37.193893
P001057,2019-06-24,695418.2,3.761756e+06,-6.8870336798494955,33.984540035832964,25.992071,0.949745,0.041742243,0.103910245,0.29205126,0.42455548,0.3490314,2333.3438,2444.7197,27.760702,59.280655,3.4438112,870.7861,0.13079268,-0.9914097,0.067421794,38.78783
P001058,2019-06-24,695680.0,3.761756e+06,-6.884197469572381,33.984540035832964,24.93144,1.062475,0.033377025,0.13653624,0.29671362,0.45713645,0.3613549,2592.5972,2332.155,27.760702,59.280655,3.4438112,870.7861,0.13079268,-0.9914097,0.067421794,38.692154
P001059,2019-06-24,695941.8,3.761756e+06,-6.881361259295266,33.984540035832964,23.475407,1.1740267,0.11568371,0.11861101,0.31975007,0.47498298,0.38034892,2851.8506,2244.0286,27.760702,59.280655,3.4438112,870.7861,0.13079268,-0.9914097,0.067421794,38.74776
P001060,2019-06-24,696203.6,3.761756e+06,-6.878525049018153,33.984540035832964,27.833723,1.2835913,0.07999259,0.14754699,0.30574042,0.47408044,0.3655518,3111.1042,2183.3018,27.760702,59.280655,3.4438112,870.7861,0.13079268,-0.9914097,0.067421794,37.434948
P001061,2019-06-24,696465.44,3.761756e+06,-6.875688838741039,33.984540035832964,31.013416,1.3903741,0.19227102,0.11799545,0.36298105,0.45625106,0.3931761,3370.3577,2152.2952,27.760702,59.280655,3.4438112,870.7861,0.13079268,-0.9914097,0.067421794,40.227158
P001062,2019-06-24,696727.25,3.761756e+06,-6.872852628463925,33.984540035832964,31.878744,1.4936007,0.21480814,0.047549594,0.2901656,0.42844456,0.32458913,3629.6113,2152.2932,27.760702,59.280655,3.4438112,870.7861,0.13079268,-0.9914097,0.067421794,35.938908
P001063,2019-06-24,696989.06,3.761756e+06,-6.87001641818681,33.984540035832964,33.53054,1.5925227,0.20234269,0.042843074,0.33256158,0.40033737,0.33485502,3888.8647,2105.8413,27.760702,59.280655,3.4438112,870.7861,0.13079268,-0.9914097,0.067421794,37.39936
P001064,2019-06-24,697250.94,3.761756e+06,-6.867180207909697,33.984540035832964,31.49894,1.6864445,0.33410934,0.00081939524,0.2504239,0.38107303,0.25953564,4148.18,1852.7936,27.760702,59.280655,3.4438112,870.7861,0.13079268,-0.9914097,0.067421794,34.43107
